https://youtu.be/MQtw6W03IKw?si=XA4eWxRXTmYYDc9K,凋叶棕,竹ノ花
https://youtu.be/TR7WFO3SJak?si=2ofsyThQjGI3NHIc,凋叶棕,星空に消ゆ
https://youtu.be/vFMiBBWMMSA?si=9UZFyu3VnUMMvhUS,凋叶棕,鳥よ
https://youtu.be/Q40G1j720c0?si=_mABCcdg9ifeaHvG,凋叶棕,salvator noster
https://youtu.be/1_D7kiOR9fA?si=TtoNnXspN-JU_2mp,凋叶棕,「心綺楼」
https://youtu.be/HeW_lb43Wpg?si=4kiyGf91_Sru0bbR,凋叶棕,絶対的一方通行　～ Unreachable Message
https://youtu.be/o2e29ekMYgY?si=OP7LaQGFPWkuUAYI,凋叶棕,もういちど、またここで。
https://youtu.be/bxQir8NQoJ4?si=YVwpaAXCnoRuGsqC,凋叶棕,葬迎
https://youtu.be/v8nC0wNdFMY?si=5_LrgjXDC9Voq71I,凋叶棕,カネと楽園とエゴイスト
https://youtu.be/ZKoEsDDKTko?si=jITqZQFGxo59AvSm,凋叶棕,rebellion -たいせつなもののために-
https://youtu.be/vdm87FhSj-o?si=y4E2l1-mYRQJ4vKS,凋叶棕,幽明境を分かつこと
https://youtu.be/frFUEVk-yP8?si=MLgc0YiOKIzMt4lI,凋叶棕,靴の音を、響かせて、その手を
https://youtu.be/_cRtlYPYlts?si=5niHcQzOJFgJa_dq,凋叶棕,嘘と慟哭
https://youtu.be/4p-WkT_vGJo?si=JE1PTOwY6-34kwVK,凋叶棕,童遊（めらみぽっぷ＆いお ver.）
https://youtu.be/bMilrGUBEHk?si=vHwtpwB08xWMknt2,凋叶棕,祭符「神遊びの唄」
https://youtu.be/sYp8uh4JxAo?si=xO9GJ6Km91nX7YED,凋叶棕,かぜのゆくえ
https://youtu.be/dhg5VHhS8N0?si=iVDAhA96hJL715SK,凋叶棕,嘘のすゝめ
https://youtu.be/MBjHprdhdUw?si=jy2h69DRSNcuS30g,凋叶棕,世界秘封倶楽部化計画
https://youtu.be/mq-0NxdbrQ0?si=NAzPcx56D16A6txB,凋叶棕,Unprivileged Access
https://youtu.be/AdBmQSxHsEA?si=0UfpnlCyIOcMyOmT,凋叶棕,からくれなゐの影
https://youtu.be/STqoL7-ZZ6o?si=yNHpsi-M_kKro34r,凋叶棕,name for the love
https://youtu.be/L0dW4r4Rvcc?si=67DZ1RSfWEdZJgD8,凋叶棕,真実の詩
https://youtu.be/n4cHKJU4FSQ?si=6QvBXr29_1Llkzt_,凋叶棕,セレブレイション
https://youtu.be/WJvfraMBZYA?si=SimUEuOYXpWHbW4p,凋叶棕,童遊
https://youtu.be/8L8Nfgf8EWA?si=e0Sq3p7iG4cutpiP,凋叶棕,月光照らすはシリアルキラー
https://youtu.be/8qignDDuj3I?si=2f0fXTlSua_uTv9g,凋叶棕,Kirisame Eversion
https://youtu.be/r83xPUEFOUY?si=dueCoqc2W11I2T6G,凋叶棕,Fragile Idol-Worship
https://youtu.be/7xchFnubhPI?si=u7BSAUA8WPRUL5M8,凋叶棕,NeGa/PoSi*ラブ/コール
https://youtu.be/na4WAyol8c8?si=OZYKLjdAyqtUOlRd,凋叶棕,無終祭
https://youtu.be/1DHxdf--jZA?si=er_18q5F7tLN-Myy,凋叶棕,げんきになったときのうた
https://youtu.be/7XHFEngsXAI?si=5UcEnRli_06C5lQa,凋叶棕,be your shield
https://youtu.be/FZcdRo0yHhY?si=dIyCADY-oF5iDqkQ,凋叶棕,301
https://youtu.be/Kogu2eKScy4?si=UjWRedwq1hZx7l2a,凋叶棕,the boogey monster
https://youtu.be/xKKmB3kn-o8?si=3VU4Fqxs1ywHAji9,凋叶棕,永啼鳥
https://youtu.be/mXOsj_tAckg?si=PBQzDDpP11YfZcpJ,凋叶棕,ヒメゴトクラブ
https://youtu.be/8Y3pwi-8H6k?si=FLWQyuEzhnU8j4n_,凋叶棕,サナエさん
https://youtu.be/WX5JnD0luXI?si=9oyrHlc7eZJzVlfC,凋叶棕,イニシエイション
https://youtu.be/81RNyxVogqQ?si=yATkbV71Cp41K4bv,凋叶棕,その正しき言葉のもとに
https://youtu.be/v23EQ43JDxM?si=g_efJ0cleVF-Db2F,凋叶棕,しあわせのかたち
https://youtu.be/jGU0WNqj90Y?si=xnsxb0jAILRtSKHq,凋叶棕,幻想浪漫綺行 (Another Sky Remix)
https://youtu.be/wIOQUmofiLc?si=SUHl7oso4Lgib8W1,凋叶棕,幻想浪漫綺行 (is the limit.)
https://youtu.be/PXsvlpAgp4Q?si=OYyqvH3diDo_me06,凋叶棕,落日ロマンス
https://youtu.be/wdPoHpzLifs?si=S0szaKKY4EgpGW4E,凋叶棕,RAINMAKER
https://youtu.be/xzQyo8mBboQ?si=aEO0fdgdavI0Qvxc,凋叶棕,うつろわざるもの
https://youtu.be/Ojy3YJlJSrE?si=hRaEqWai8yXcmzk1,凋叶棕,疵とマントと〇〇心
https://youtu.be/vlWdloGX2cE?si=_W00H6M7Nc8xT3ZG,凋叶棕,汎用合成クラスメイト：宇佐見05号
https://youtu.be/GCUHLAiAIqQ?si=cdThRGP8qfxlVv9G,凋叶棕,T/A/B/O/O
https://youtu.be/0yoDYNXoxaE?si=PmfJoQTlkHfHC8kg,凋叶棕,MoonJumper
https://youtu.be/TkTEjG069NU?si=5FwI9YSFdfUPRsjB,凋叶棕,貴女を幸せにするために
https://youtu.be/LwQzl98kNWw?si=XubDXjXQYYlognqv,凋叶棕,Grate Escapers
https://youtu.be/2MvhyeQA0Sg?si=r-7Ld6teTg_-fw4o,凋叶棕,イニシャルイニシャルエコーエゴー
https://youtu.be/IgGD1F0eUgw?si=UKW0xmHu6rjOfPqc,凋叶棕,春告
https://youtu.be/2oNJB87xIcg?si=IlviYd3ndAUWge9a,凋叶棕,妖々 「全て桜の下に」
https://youtu.be/-0Kh-Pd0JyE?si=a2w0FD8Z1Dc0eQ-F,凋叶棕,神霊 「死せる哲学の袂」
https://youtu.be/MAVKsDvsR8w?si=_n4mJGzMQNF7fcpM,豚乙女,白魔
https://youtu.be/r5cG0QhgnVA?si=onp6k6Wuua-p4k6V,豚乙女,響縁
https://youtu.be/_AdKinx-iTw?si=I_nrUZ54XhUeNeKh,豚乙女,ソリッド
https://youtu.be/4TRrOzKcz3k?si=a9U7tWK1gF4oehHN,豚乙女,ファビュラス
https://youtu.be/sOw5fMbwwEs?si=jpDm5V0uvAPmef0m,豚乙女,春の雪
https://youtu.be/7aldVeSPgbw?si=fy4eoT5VqvpldRta,豚乙女,オカルティックドリーマー
https://youtu.be/89jpIYwsMLQ?si=r05Rji2aBqNmS3_D,豚乙女,ゆらら紙芝居
https://youtu.be/8PBGH4lmE9k?si=Hrwu3uHi6XMimuq-,豚乙女,青いミレン、蒼いナミダ
https://youtu.be/LHdL4jUZfRU?si=xCiK45lMljIxIuCZ,豚乙女,遥か遠い空の声
https://youtu.be/XCpEnIkH5Uk?si=6x8M2rXbeOB6lVGN,豚乙女,いつもの二人
https://youtu.be/Xx_IOTxjH_g?si=j_nTMaP8BLAWSx6r,豚乙女,囲い無き世は一期の月影
https://youtu.be/FvJPua224gM?si=DfZeSMd2DexBDIZf,豚乙女,幻想のサテライト
https://youtu.be/C5pIBZTOVkY?si=h0vm28sQze1D9WMD,豚乙女,狂愛～kyoai～
https://youtu.be/tXS3_0um8ms?si=K1cDB8iyQUH5hWnS,豚乙女,儚きもの人間
https://youtu.be/7ypdq-hz21w?si=vE1luXYuuD_btMV1,豚乙女,うたかた
https://youtu.be/PdQ3zg2NVRk?si=sNyTtORLoXlE4ZJi,豚乙女,待チ人ハ来ズ。
https://youtu.be/yUws0k9vDE4?si=YCbYzUY5vT8pjXqC,豚乙女,罪と罰
https://youtu.be/O_-0g-azdYA?si=u67sg0Eekb2PdjKn,豚乙女,狂迷恋歌
https://youtu.be/0OF1nqEVR_o?si=S7mkt35JND8Do7vD,豚乙女,勝手人情
https://youtu.be/U01sxABFdNo?si=YR6e7kkqXD27ZO1A,豚乙女,恋死に
https://youtu.be/c0ZcR8RVZM8?si=48R7GWNYdZRyxKuZ,豚乙女,花
https://youtu.be/s35J39SSpCs?si=qsSyEMEi58_5mqq2,豚乙女,魂極る命の響
https://youtu.be/K5BoVRwWoNM?si=QD7CXVEhW8XODRyu,豚乙女,面隠し
https://youtu.be/NUvFp5iQcxE?si=blRfRmjTYzXCMDNn,豚乙女,空回り
https://youtu.be/P2laobokEA0?si=dbRriOva0gdwkV2i,豚乙女,The fear is oneself
https://youtu.be/mJQunJOrNf8?si=XNhPrjJCjkT-MXA9,豚乙女,永久の迷子
https://youtu.be/rQkzohegN80?si=n7VwTR3mmZGnWBGp,豚乙女,創造
https://youtu.be/mXdLy0AsckU?si=2his37-cNRGCHhaT,豚乙女,禍々
https://youtu.be/uwOtR4l-qSc?si=O-EhVZKGBXNIK506,豚乙女,恋の病
https://youtu.be/xNPyeQHWQNM?si=1f5Zwzr-1rG-nnpc,豚乙女,隠然
https://youtu.be/iLNFMzgcK-8?si=BDUb6CFP1SXB4PV3,豚乙女,目線
https://youtu.be/GI1Uc6Xzl2k?si=cYnowX-bm0c7ki-n,豚乙女,真っ黒な雪
https://youtu.be/UzznHMDvybg?si=HJ0R4fY3wkERaTYL,豚乙女,風雲～kazakumo～
https://youtu.be/fHBjx9VB7g4?si=t5szl8Tl01gJyTSY,豚乙女,いっしょがいいの
https://youtu.be/ckbB6yaD4tk?si=Ds6OA_Bff-trLXHD,豚乙女,いつかの未来よさようなら
https://youtu.be/fVEzXLXLSK8?si=YUgoddf4lFv9aVYr,豚乙女,貴女には見えて私には見えないもの
https://youtu.be/YH1u_TiuuLc?si=PndKfL7DBzTcswwS,豚乙女,観測者の居ない山猫軒
https://youtu.be/UwrdIPh261o?si=r5Gii336exoUxpb_,豚乙女,夢じゃない何か
https://youtu.be/vsQEdGUKd1g?si=2P5RUvur06-Auh_o,豚乙女,イン・ザ・ブラック
https://youtu.be/op5X6o-ynOA?si=yJxoRE-tQ6XTGyo2,豚乙女,暗宙模索
https://youtu.be/3VDXfEKltNU?si=HMIYCkV_gECW6a06,豚乙女,猫が来たりて
https://youtu.be/qp0FCAzJ11I?si=grmuSSqbzBEW-QMw,豚乙女,墜ちた声
https://youtu.be/6mDZTUJHOCo?si=7At8S8exo885Bglo,豚乙女,永遠に続く夢
https://youtu.be/K1uSgFrwS5c?si=ZBAi3V8_kP2w_1wi,豚乙女,人間が大好きなこわれた妖怪の唄 
https://youtu.be/opP4t5AJK-c?si=9z6gpyMzPXfM6CE1,魂音泉,幽玄の世界
https://youtu.be/Aq5WF63MtI8?si=H9NKumCsDrgAGG6M,魂音泉,穢き世の美しき檻
https://youtu.be/M1SZiOs2j4c?si=jRa7Cme167E5bHkD,魂音泉,とある瀟洒な従者の物語
https://youtu.be/N8maYOJ5Eh8?si=cady--LOyLLDIvFq,魂音泉,狂気に満ちた不可視の珠
https://youtu.be/c20HjjrTNgI?si=B_w81M_cZh_bYPJD,魂音泉,テウルギスト
https://youtu.be/fQXhOryxE5s?si=MjZ9xvfFkoDNQBKp,魂音泉,Eye-Splice
https://youtu.be/XLdTS6FXQJg?si=Xf-zGpKF6PV-cCF8,魂音泉,場違いな流浪人 ×Journey to the Rainbow
https://youtu.be/SUq27EEBGaA?si=HABlc697EdYb8mcr,魂音泉,幻想河童行進曲
https://youtu.be/tPCTIOj0rok?si=fXoNp1ENDag3hvoJ,魂音泉,儚
https://youtu.be/rOnIMKifuxg?si=Q0s-9x8mF7sWlBxm,魂音泉,アマノジャクリバース
https://youtu.be/n6kpTDqffFA?si=-QGAaVnrxd0TLUQ6,魂音泉,酔いどれ幻想郷
https://youtu.be/OE-wqj3PMXA?si=vfUEAQDzpwvfZjfo,魂音泉,A River Trip
https://youtu.be/hZq0FSvh_80?si=W1EnQVcy9j6xVJCS,魂音泉,大輪の魂
https://youtu.be/eRYPWFWSeyc?si=2nXwHjocDK5eNgJd,魂音泉,流星ドライヴ
https://youtu.be/7yYyT1XRBEk?si=3SIw0p2z3-PNpDsD,魂音泉,流星ドライヴ feat.らっぷびと
https://youtu.be/cDrJZneuZEc?si=9pJy0OsxzKVJwLVM,魂音泉,ハレケロジック
https://youtu.be/HFy8jd7T2ms?si=TFwB0098lOi0QjRN,魂音泉,刹那ヤマイ feat.らっぷびと
https://youtu.be/dIyO8sB-xUs?si=N1BDMW8hv5DjCmHq,魂音泉,童祭
https://youtu.be/DK94EERwMnE?si=NRfHFyOP-vv8oulc,魂音泉,Dreamy Noise
https://youtu.be/1AVw1np2xso?si=wuZXHjUaf9gGdFBM,魂音泉,唐傘神霊怪談物語
https://youtu.be/18MhqiLBnHo?si=3FAgvtYJE7XiOG3N,魂音泉,物凄いヴァイブスで魔理沙が物凄いラップ
https://youtu.be/BpfIzJdnvik?si=Bd0UYzD6RTHIT2YD,魂音泉,一炊之夢
https://youtu.be/ay1QBUwZMtQ?si=weoLTTAQfNakgZde,魂音泉,愛き夜道
https://youtu.be/scvZsUfih2Y?si=oEkgrVo--z2Uws6H,魂音泉,さくらさくら
https://youtu.be/7zcHhmSVTTs?si=pySJca_XeYb5UOGY,魂音泉,うみいろふぃるむ
https://youtu.be/RKQMeKG0CYI?si=feijmXSvTXd6n3mj,魂音泉,Journey to the Rainbow
https://youtu.be/KkYt-E25yng?si=myplBcRHLDlnX4rC,魂音泉,Once in a blue moon
https://youtu.be/ME_JDf3feNA?si=DpP9yQR7vZv7LUzF,魂音泉,Scarlet velvet
https://youtu.be/PYn1DsbLBQw?si=5T7kO3c_BEkYqYUr,魂音泉,Northern Winner
https://youtu.be/PTMTt5T0b-A?si=dA5fBQYRQsJ5pdNX,魂音泉,Asculture
https://youtu.be/lgiFPcPZkAc?si=9vXgVHn0ZH_4xrHc,魂音泉,PARFECT FREEEEEEEEEZE!!
https://youtu.be/V7kgpqwaFDo?si=vmz4Kzx60FxjHDv9,魂音泉,狛犬
https://youtu.be/w172sORRV7I?si=rFOYrxwvUVWF4rCM,魂音泉,儚 feat マッツトビット
https://youtu.be/FbSWGpsIYjI?si=_of_9XljZ_Jy5v-U,魂音泉,鬼酒時雨
https://youtu.be/PTMTt5T0b-A?si=iIkbIOjpvGOw5NbM,魂音泉,Asculture
https://youtu.be/ml31Chcpdw4?si=TxRuOWwvsxv9Cel0,魂音泉,yellow knife
https://youtu.be/uoXEtv2UVXM?si=RRZoW6jbO6-XCqoB,魂音泉,月まで煙る不死の焔
https://youtu.be/A2kiaUYAL3c?si=fNkRTgSArnZOfTIC,魂音泉,66音頭
https://youtu.be/RMZcOOUrkVM?si=OsaA0JSi0UhMG1NL,魂音泉,狂宴結義
https://youtu.be/Xt3fOSvuLWQ?si=DsKWPe9FhMplOJPx,魂音泉,One's Own Way
https://youtu.be/eevjGfr0atU?si=TUnZdTvK8F6s_AfF,魂音泉,坂好きの神様
https://youtu.be/o_covjLNH1w?si=LHn5rCUvDRtpWK1-,魂音泉,残光酒鬼
https://youtu.be/deYCwhPlnxg?si=ic6vhT-TgXybRGAC,魂音泉,Witches' Night
https://youtu.be/kTosm-GfBGE?si=xAKyHrInRkJdQZFe,魂音泉×歌恋人,LUNATIC MILE
https://youtu.be/IAjPqg9TUVY?si=fOgOMqS6E7ygzUpz,SOUND HOLIC,HOLY WORLD
https://youtu.be/ziVLvmohYDo?si=oATM4QeKE8M0912I,SOUND HOLIC,零次元エクスプレス
https://youtu.be/Xfn1u2tTFVg?si=Rq1wq4KL7Azt56mH,SOUND HOLIC,Drive My Life
https://youtu.be/qTHkOmJqW6M?si=tzQfAt42rmK1Ni-7,SOUND HOLIC,NO LIFE QUEEN
https://youtu.be/oIOgg1AB010?si=yYg4zYrlnWUDdPbc,SOUND HOLIC,bEAT GATHER
https://youtu.be/izj5F31zC90?si=wfPf4bizL57lwIcI,SOUND HOLIC,The other-side
https://youtu.be/3Gz5pNLQAGg?si=Iq13NpBmEk498mFV,SOUND HOLIC,PRESERVED VAMPIRE
https://youtu.be/3aCG1YycPso?si=rSVNdiO1oa9wnseA,SOUND HOLIC,NECROMANCIA
https://youtu.be/8Bx1-NjlWT8?si=23v4bq2is5BhMxNj,SOUND HOLIC,POLYHEDRA
https://youtu.be/tx0IU1lrZPU?si=3iUkzs7ELZP0nUc0,SOUND HOLIC,"Rainy, rainy days"
https://youtu.be/7MLyxk5XZ6M?si=T_fVyQtOz85nSaQO,SOUND HOLIC,世界が眠る頃に
https://youtu.be/sTFh94XXEwg?si=2llx13t9SbPbPsOo,SOUND HOLIC,VENOMOUS ECSTASY
https://youtu.be/rs7a1S7w0eE?si=PErPz84uSSEPEHH8,SOUND HOLIC,RE:UNION
https://youtu.be/gi1Y1hB8nZs?si=QFNr0SGNZR_e26KK,SOUND HOLIC,狂愛モラリスト
https://youtu.be/LZCE-Ya4BqM?si=0zweCcow0T8aXzpG,SOUND HOLIC,快感くらぶ♥フォクソロジー
https://youtu.be/L00qUXpoAs4?si=KSqFdh1krPcYGJL-,SOUND HOLIC,薄雪草 -perpetual snow-
https://youtu.be/sAJURV0R0q4?si=Qs6E0lMrEoRytDi7,SOUND HOLIC,stellarium
https://youtu.be/ILL3GKTgqOk?si=RKI5AeqUCX-xQPxl,SOUND HOLIC,Heretical Flower
https://youtu.be/N57loLklKec?si=pzWxZ4VOZzXKZaT-,SOUND HOLIC,Yin-Yang QUEEN
https://youtu.be/5DJ2LipmHjU?si=KhySv0abh6YbpfVr,SOUND HOLIC,DIVINE WAR 20XX
https://youtu.be/rXXujFtN0I8?si=biiLtInviw6OgmPG,SOUND HOLIC,サイケデリック鬼桜同盟
https://youtu.be/5K3Zz_PQGzo?si=tr-O1pduQxBJFfqE,SOUND HOLIC,Grip & Break down !!
https://youtu.be/SxhlSLf1Ndo?si=FKha64ExK7wcLTrQ,SOUND HOLIC,break through the night
https://youtu.be/EXh78OYTpcQ?si=5xPnX8WJDNUQTJp-,SOUND HOLIC,Diamond dust
https://youtu.be/B2hrIbUy9bk?si=4q3qI1ZS6UmG9cia,SOUND HOLIC,GUERRILLA GAME
https://youtu.be/0XN0LtWKpIM?si=9Bf3L0mXNMFoX9rw,SOUND HOLIC,Guilty Diamond
https://youtu.be/-39tLnuuMT4?si=CnQWcd1O1teTMWp-,SOUND HOLIC,絡繰りドール 
https://youtu.be/6Lo_qSxl39Q?si=ypqVGZxyI5xCcp64,SOUND HOLIC,DESTRUCTION A to Z
https://youtu.be/GvEKQCblvcY?si=HnFUZ5FDaXeliWVG,SOUND HOLIC,永遠の刹那
https://youtu.be/Ys2p_bXOaAc?si=ZkHeprM3oj6ffCI2,SOUND HOLIC,WHITE TRAVELER
https://youtu.be/cnlJIT-dXtY?si=mu247U31PNfwG4d4,SOUND HOLIC,萃夢 -SUIMU-
https://youtu.be/wxvCtUOZP6k?si=OzhJWCvUl3THu4Le,SOUND HOLIC,SPIRAL FLECTION
https://youtu.be/3TRunguCf58?si=uAL8tw4ahkwJjHWG,SOUND HOLIC,しゅわスパ大作戦☆
https://youtu.be/zQtJ6YIj5K4?si=nqb4SYFA-z7lELjE,SOUND HOLIC,Heartquake Super Shock
https://youtu.be/Mkepn_AENAA?si=Kl9uF1LJBeJ092jH,SOUND HOLIC,SUPER HERO
https://youtu.be/Hf1b8OLTcXc?si=0YDZMh-jqMmcbbUF,SOUND HOLIC,INFINITE WORLD
https://youtu.be/7_1vLqwoB2Y?si=9n3PtZ0EC6PrhoYl,SOUND HOLIC,イタズラTODAY ☾ ☀ ☆
https://youtu.be/yd61460vB1Q?si=BAUvCx4NuspU2xYM,SOUND HOLIC,UNKNOWN REALITY
https://youtu.be/rbbTEnz1Y9k?si=vSIepIw-UEBOAO8-,SOUND HOLIC,DREAMIN' TURBO [DJ Command Remix]
https://youtu.be/X9853kv7hkA?si=pqiCS5nzB7vCQG-0,SOUND HOLIC,DRAGON'S VEIL -光龍-
https://youtu.be/TryxcDgJePE?si=9xVejcjMYljFCd1j,SOUND HOLIC,PANDORA ZONE
https://youtu.be/4d54c67R0s0?si=c_ycistoQ9Ye2sEn,SOUND HOLIC,Jive at the Graveyard
https://youtu.be/uS5rgI0CxtI?si=mohrFzarbk96bUua,SOUND HOLIC,Swing and Jive !
https://youtu.be/tUCM_JXaHng?si=NZpkjMCT58SRHXMg,SOUND HOLIC,卍ZAKURA
https://youtu.be/YAqGW4B4zm8?si=se2iOsLbRkkNmayi,SOUND HOLIC,TRANSFORMATION
https://youtu.be/I7icelzPNYU?si=n_pZOy11cssImepF,SOUND HOLIC,大江山★ナイトフィーバー
https://youtu.be/lQ7MrYAUt-E?si=Y7JSHnFVe9zYfwid,SOUND HOLIC,Thrill hunter
https://youtu.be/UA3NkjlXw2M?si=sLkk-1B1byEI_mnz,SOUND HOLIC,IDOLA DEUS EX FLAMMA
https://youtu.be/LyuB6PWUPz8?si=tg-zLTPR9M8jgSSv,SOUND HOLIC,WANNA BE CRAZY PRINCESS
https://youtu.be/u-mEOw1oCu8?si=EmKltt2BJ0CsTMpK,SOUND HOLIC,リトルプリンセス
https://youtu.be/wbp_XMMUrkU?si=MLxhKrBMbZfKe1_0,SOUND HOLIC,DIMENSION GLOW
https://youtu.be/CtIJ6J9i4A0?si=i1D4wGRnxvmrxhNq,森羅万象,행복 에고이스트
https://youtu.be/9dRt5SldKAY?si=pl-hQhCL04shIZel,森羅万象,회전
https://youtu.be/FBd84Lpd4vc?si=r3OV5tlHwKcCsO0Y,森羅万象,유정천 드리머즈
https://youtu.be/_VH91mivTUw?si=w-aiv8RaiQN3TFZK,森羅万象,장난 센세이션
https://youtu.be/4eU1ZZiPsyU?si=4DHHOYzwlnB1CkTj,森羅万象,あうんどばいみ
https://youtu.be/n4qIQ_1cDew?si=lvr3SotyLDRFYq3t,森羅万象,전력 해피 라이프
https://youtu.be/TPjAsus_bZo?si=_yDAVwPGPqsGZg8L,森羅万象,무간질투극장 '666'
https://youtu.be/E0oQpYtvIsU?si=XvPymeyaE1-CZkfK,森羅万象,울려라! CHIREI MY WAY!
https://youtu.be/o3YeC-LFNGo?si=xxbbNCL772sTNecI,森羅万象,어미 백로
https://youtu.be/eHcHjcV8SNY?si=WtFJyV5X4SKVpUfH,森羅万象,무의식 레퀴엠
https://youtu.be/g4gU18TjR0Q?si=H86-oRPO4W0ga2t7,森羅万象,치르노의 각성 섬머 데이즈！
https://youtu.be/uW10SL-wKpU?si=vnSbgMbQSBnrzzOk,森羅万象,순정 아르멜리아
https://youtu.be/WPXTf6xq-fg?si=djXEx4xLLd0ro-r2,森羅万象,환상 커넥트
https://youtu.be/bBdhJ2Gkoe4?si=Swn3oKxdmA7oU_Zo,森羅万象,카리스마 연옥 천신
https://youtu.be/sToRddIV7kU?si=UuPQ_zJ0VgxDDno6,森羅万象,三妖精SAY YA!!!
https://youtu.be/jH7i4YzM0vg?si=vzzPyB3OpGTDAOI1,森羅万象,Season 4 you
https://youtu.be/AhA--es6CLg?si=sFowj7AxM1n8P_g8,森羅万象,斑にマーガレット
https://youtu.be/ItwhNuqT9nE?si=7HJR8iaAlJtC2aHe,森羅万象,時間よ止まれ
https://youtu.be/sxsxtfBBed8?si=Q3mx6ujCpz8CUCY3,森羅万象,인스턴트 블루
https://youtu.be/dyKdLLQP5PI?si=oZHUkMzXK6goMsZT,森羅万象,酒鬼☆RaiRai!!!
https://youtu.be/hFQk7S1SPaA?si=IE4bTjB2nz7kgqAC,森羅万象,太陽のうた
https://youtu.be/G7i9M2KaRZs?si=uZed2ASFwOVwRAPf,森羅万象,It's a Fantastic World
https://youtu.be/xH2KSyd4ms0?si=lrZR649f9JAT8jTa,森羅万象,さかさまレジスタンス
https://youtu.be/eIm2QqyB9HQ?si=QqfCcyTLCkHnIBYU,森羅万象,さよならヒストリー
https://youtu.be/iPnidktJioo?si=58lAoxQgWHixQJl2,森羅万象,MY Heart Rate
https://youtu.be/AYpVrYFg5uo?si=9OoM-icqZkfea6y1,森羅万象,運命線上のアリア
https://youtu.be/jhFNsjSyy_E?si=H0BH2TVURf_77ouf,森羅万象,Last danceR
https://youtu.be/3GUx7x2Ko3s?si=x_JudgZayAi_SQ2S,森羅万象,ダイナマイト
https://youtu.be/jWvuUeUyyKU?si=eNKUKMniXC5XD_qF,森羅万象,하트 인 원더랜드
https://youtu.be/O4yBDkBpmRo?si=jwAvtAULE6IGoUh5,森羅万象,デンデラパーティーナイト
https://youtu.be/idZuTPaWY-g?si=nXJjkhp2-qV05Hpx,森羅万象,U r my Nightmare
https://youtu.be/EpDRtDGQfdQ?si=wtEo9DCLKKJhCxAz,森羅万象,ウォッカにはトニック
https://youtu.be/IuABDADGeP0?si=gRc1FnPGbyARzDhv,森羅万象,メイドノココロハアヤツリドール
https://youtu.be/1lnYFV7bDmk?si=KpwcNih6H0Oscf3t,森羅万象,脳味噌リジッドガール
https://youtu.be/zzHeG7l6FT8?si=x_WZVXf9ATZLfF6W,森羅万象,東方言えるかな
https://youtu.be/yuCYWlGjODw?si=SuALXe8baxcipOjP,森羅万象,Wish a Shooting Star
https://youtu.be/xOIAwKqBK_c?si=m_VkbMAjrySSuUqd,森羅万象,ヨスズメロディハート
https://youtu.be/Qu_OzBsgRcI?si=CdLihm-e2r6r7Ti4,森羅万象,Real or Fake
https://youtu.be/Eawz8GywrL0?si=X61tDGf4a0T5ZMGF,森羅万象,狂響のフォーチュネットポルカ
https://youtu.be/3cESJ92gVV0?si=xINZPF3zeMHpbURX,森羅万象,アクアテラリウム
https://youtu.be/pzspJUe0OiQ?si=62hlU_zUFNAs0nEH,森羅万象,タイムパラドックス
https://youtu.be/1OtQjUlspEM?si=7qWj7dCwYKLHW5jk,森羅万象,素晴らしき偶像世界
https://youtu.be/-G-FXuS7Vr4?si=l3LLAfmt_GKpwF8x,森羅万象,汝は白狼なりや？
https://youtu.be/oQcMTdFJnyk?si=jGKlMhclOVYDhJRn,森羅万象,ロマンモンスター
https://youtu.be/J5ENobo_8X8?si=Isa4px9D4lSlDgnu,森羅万象,これからの「　」
https://youtu.be/0ipQuoUQUx8?si=UpRWoY271S3d41eM,森羅万象,YummyYummy! Raspberry!
https://youtu.be/1K8o9BqoyIg?si=w_pAUiy4B-6Me57H,森羅万象,天の邪鬼
https://youtu.be/W-2bTkUjRjo?si=8jtApO_joKOWpqit,森羅万象,Face Trick
https://youtu.be/-IWd-kObsbc?si=8TcqwJLQDttTg7s0,森羅万象,ドラマティック膝栗毛
https://youtu.be/4jbStC1cEsA?si=CrR-r147Bl_W5s7_,森羅万象,ノーレッジパラノイア
https://youtu.be/0Lj31_Y0V8c?si=CSUtx95NepRyL0wT,森羅万象,蟲夜
https://youtu.be/3C8876Y3Axo?si=-X1PKVDRR38CEBgd,森羅万象,カルテット
https://youtu.be/Vkw3pb9EQIs?si=bkeDFvT_gPnKYl2_,森羅万象,21→22
https://youtu.be/n1W2JItyydQ?si=y5PzeTFNaV8QcApu,森羅万象,ジャッジメントフィクサー
https://youtu.be/8Q2qx1yogJM?si=thgR_Tx-e3bFiGn0,森羅万象,ドリームワールド
https://youtu.be/fWHtYXjStcM?si=rufgoYxPgIH_uV3F,森羅万象,ルニバル
https://youtu.be/38GqevYHw8o?si=lXdfYLdd98WHUXKX,森羅万象,Heavy Baby
https://youtu.be/Na2bPJGjz5Q?si=RvuRL0DPIZSkY142,森羅万象,おまたせピッピ♡にゃん³
https://youtu.be/5vqP4xCvqcU?si=j2UKrYQudGKGDm78,森羅万象,埴輪讃歌
https://youtu.be/wUY9NXKEnnM?si=16-aJLWgQ7OoW7gp,森羅万象,1/8000000
https://youtu.be/3G_c2FqeG60?si=zMMXAl2Cs0nNo6B1,COOL&CREATE,人間が大好きなこわれた妖怪の唄
https://youtu.be/X8z23t428kU?si=haxVJXlX8aCh4JxW,COOL&CREATE,"Help me, ERINNNNNN!!"
https://youtu.be/G6N943NlCbw?si=f6nuEuijPh1qJxry,COOL&CREATE,인터넷 서바이버
https://youtu.be/iwMcZD5Rg54?si=C9FJmaefUeu3p8fV,COOL&CREATE,RESPECT풍신
https://youtu.be/AAhsXxHzMRg?si=hnYdVszxFtQ575_z,COOL&CREATE,마츠요이 나이트버그
https://youtu.be/lofUjHGYz1Y?si=ZVURn_QREahln_RU,COOL&CREATE,천궁천화 오토하나비
https://youtu.be/ellritEctjQ?si=2rn6CPz90Px4UpT6,COOL&CREATE,幻想龍殺蟲毒少女・姫虫百々世
https://youtu.be/bbiQxCVNGdA?si=AHzMe2B6VRJDxJv0,COOL&CREATE,Crazy Crazy Dancers
https://youtu.be/RtTYQuO1j6w?si=ec_6ZcMXtEZc94px,暁Records,Necromantic
https://youtu.be/o6zvgL4sY18?si=oqaYCBizxP6sMKKG,暁Records,トランスダンスアナーキー
https://youtu.be/-4FkfYIZw14?si=dJEoqf5_Gr6MNgEh,暁Records,酔生夢死 ‐Hedonism‐
https://youtu.be/l4dze-COIPo?si=-2av6PzKE3Q9yGGP,暁Records,天地上乗有頂天
https://youtu.be/MtS0JUPvh-Q?si=X86RCtVUlE52Ic2j,暁Records,コマノエール -全力貢献中!!
https://youtu.be/RypOHapqCeQ?si=DRWbWOLriBxMQ79I,暁Records,こ～んさるたん！
https://youtu.be/pP2NPHiHEKg?si=131bp_pfRBuqHTl9,暁Records,Bloody Devotion
https://youtu.be/tXjPMSKsgxI?si=iizKyHuRJ3huJtIb,暁Records,二人の結晶-INNOCENCE-
https://youtu.be/VkRi59oa5Eg?si=UFlQ0c_tDsVx222-,暁Records,Sci-Fi ROMANCE TRAVELER
https://youtu.be/VDHYesr7nkE?si=68MVjy723R1Sdg_i,岸田教団&THE明星ロケッツ,flanticnight
https://youtu.be/ROk8ScUCdok?si=wRtIj3TFTCnaFdOU,岸田教団&THE明星ロケッツ,secret philosophy
https://youtu.be/ze35lOIlITo?si=i5FiipXOHbsrJ6bm,岸田教団&THE明星ロケッツ,月まで届け、不死の煙
https://youtu.be/hjEcQ0qWhFg?si=qSV0DaddTsKXaEka,岸田教団&THE明星ロケッツ,緋色のDance
https://youtu.be/E3pfjU8ES6s?si=47_wS4VJ5r2ed8XI,岸田教団&THE明星ロケッツ,明星ロケット
https://youtu.be/zLtUuKnY-oU?si=mEzKaGtrwpIW7oan,岸田教団&THE明星ロケッツ,DesireDrive
https://youtu.be/X4iOh89sQL4?si=kAjl1hSy6_vr79Ip,岸田教団&THE明星ロケッツ,少女綺想曲
https://youtu.be/482Gou1G2X4?si=qFneQsWy18OjzLtG,岸田教団&THE明星ロケッツ,night birds
https://youtu.be/Ey4J4NebCLg?si=G2XCHNCh2KTnuQyU,岸田教団&THE明星ロケッツ,U.N.オーエンは彼女なのか？
https://youtu.be/J_52DVQiuz0?si=5FiANxMMPoYIhTfo,岸田教団&THE明星ロケッツ,竹取飛翔
https://youtu.be/1zY3X0ApvgA?si=h_tmyM0LramTOLlD,岸田教団&THE明星ロケッツ,芥川龍之介の河童
https://youtu.be/bgSepLgsrDI?si=HUPdFExQxtjoD9Pf,岸田教団&THE明星ロケッツ,Noisylibrary
https://youtu.be/NTmkWG0JdzQ?si=D9lH89RPNupsK2Wt,岸田教団&THE明星ロケッツ,星降る天魔の山
https://youtu.be/3JBuBm-VrWc?si=-06jIfpBS-ZcL-f8,岸田教団&THE明星ロケッツ,Immemorial Marketeers
https://youtu.be/Dbabpd0-PDw?si=BEPUxFHwYLctCgsJ,岸田教団&THE明星ロケッツ,ブラック・マーケット・ストレイ・キャッツ
https://youtu.be/hizoSmgo8EA?si=PVgr04lgTk9nIPWu,岸田教団&THE明星ロケッツ,幽雅に咲かせ墨染の桜
https://youtu.be/sDI9vCtbTuQ?si=cfDgdN1RLm_kWDyL,岸田教団&THE明星ロケッツ,ルナ・ダイアル
https://youtu.be/NpgaGhAW9So?si=nrmsFt2DPybpKuqB,幽閉サテライト,色は匂へど散りぬるを
https://youtu.be/skCiZ9IJmZY?si=FWtGmVHffI5jhYlV,幽閉サテライト,月に叢雲華に風
https://youtu.be/gXCI8vJTjqA?si=xd9Fxkf4rpBs5_dF,幽閉サテライト,華鳥風月
https://youtu.be/fBO8T2PLrrY?si=V61QbcQKQe5CpGT3,幽閉サテライト,零れずの願いゴト
https://youtu.be/NfjTGFMMKL0?si=WWzhriBLdHK2PyYi,幽閉サテライト,泡沫、哀のまほろば
https://youtu.be/WcNIJldE7U8?si=rp4j-elFZZS325Kg,幽閉サテライト,果てなき風の軌跡さえ～破～
https://youtu.be/sxcvxv5COOI?si=w8hi0FzDmJUQiIBp,幽閉サテライト,孤独月
https://youtu.be/0jEDUM3p9Ow?si=gT5kVz96-3SbbCnw,幽閉サテライト,幻想症候群
https://youtu.be/Qfy73CI_CCs?si=s9zHOBkDAjvNPbiR,幽閉サテライト,月輪に巡らされた記憶
https://youtu.be/3CV-Zl3b2o0?si=gChvFJ5-kGEt4vP7,幽閉サテライト,零れ桜
https://youtu.be/wEq5x9zZJG8?si=Rt8dfsvYJyDf8r0l,幽閉サテライト,ヒトリシズカ
https://youtu.be/PWacpxkQQJg?si=lE5Xvhv36pvBD6rI,幽閉サテライト,紅に染まる恋の花
https://youtu.be/KqbDC-4C1RI?si=8RhL-xrlgaT65ONK,幽閉サテライト,Opposite World
https://youtu.be/goGvngi0Km0?si=m9VOOSKAPPPoaVyN,幽閉サテライト,今、誰が為のかがり火へ
https://youtu.be/DJc0xDDapFE?si=ZaGWGXgxliuc-nzw,幽閉サテライト,壊れた運命を紡いで
https://youtu.be/LfUiEQPcDjQ?si=vM72bClDFr8N1RYJ,幽閉サテライト,穢れなきユーフォリア
https://youtu.be/eRBgpV9gVD8?si=uPKMnHdN7gKMCHgw,幽閉サテライト,瞳を閉じて、映す夢幻
https://youtu.be/cDyE1GLYwCM?si=gcSVuAQ7PjhB63TM,幽閉サテライト,森羅万象に触れて～驚～
https://youtu.be/QGsS-BRe4HA?si=Y9OLtfHfJXe53UR1,幽閉サテライト,三千世界
https://youtu.be/cnbdUjdpwoE?si=NeuWdaj8PPc66_-Z,幽閉サテライト,コノ葉隠レ～石～
https://youtu.be/WBrSTlhPc-s?si=046PbAj19kJPjvD9,幽閉サテライト,語り継ぐ魂は
https://youtu.be/6zp4e_zq1Eo?si=hypnPz456S6Uks6i,幽閉サテライト,夜桜に君を隠して
https://youtu.be/BbJMRhDJ0x4?si=XFSoEPpjPM3awwOg,幽閉サテライト,永遠の都で
https://youtu.be/Bdz_jnSbE4Q?si=9BbpxroaU_yLjrk9,幽閉サテライト,氷晶の涙
https://youtu.be/-nfY_bw2XSo?si=4b7OTiVQEM0ojz8d,幽閉サテライト,残響は鳴り止まず
https://youtu.be/WWutwVsypKE?si=ih0A3LMRvxo7mt-U,幽閉サテライト,ヒトリシズカ
https://youtu.be/ArgULm06IyA?si=PF128XnU-fUCfiCD,幽閉サテライト,平行線の恋煩い
https://youtu.be/ibRNgo2Qhug?si=7CDBcUfnRWsEC1Uk,幽閉サテライト,夢色プレリュード
https://youtu.be/TiIR1lHMqKw?si=vIZw2tEK5M-C87k4,幽閉サテライト,明鏡止水
https://youtu.be/osQixq5K6F4?si=_SXJ9IWqngeh__9l,幽閉サテライト,鮮やかな記憶の中で
https://youtu.be/lW8K1x7SFzU?si=11Vozb8J5wb-yKJ7,幽閉サテライト,陽だまりを探して
https://youtu.be/RuXrleTTsQY?si=z9J4aIFGDNkT2GYp,幽閉サテライト,花は散り 夢は咲く
https://youtu.be/Iuwq-6Lc6oE?si=rMdSmp8wm17yvQti,幽閉サテライト,うつり往く悠久の園
https://youtu.be/bsP5OMVCtG4?si=QCrH9sYoXl1M5enE,幽閉サテライト,カフカなる群青へ
https://youtu.be/a8EeuH2r7mY?si=wvT3eoFBNZwZjzqm,幽閉サテライト,想いが歴史に変わる時
https://youtu.be/zvNEvHyYX0Q?si=6pXoM1ZXo_q7bKhN,幽閉サテライト,甘く鋭い棘
https://youtu.be/ozsAWHBQ_mM?si=vs9O1r7PIhYiH-Op,幽閉サテライト,大地に咲く旋律
https://youtu.be/Y5Ln6JIR1zk?si=wLE5WFHWI9Xr-qzM,幽閉サテライト,ミゼラブルの雫
https://youtu.be/RJl4GDaLlBQ?si=_b2SZF7DoxZiWDR0,幽閉サテライト,魂の語りに導かれて
https://youtu.be/Vatdo8vFZHM?si=fRjQ4zJb2IhZnGbo,幽閉サテライト,善悪の頂にある真実
https://youtu.be/3dhlPI9r5KQ?si=0ljjkxb14aZCKY6l,少女フラクタル,不可測的メトロポリス
https://youtu.be/mcF47j3_eBc?si=PCIyWAQQ0bi21XWb,少女フラクタル,彷徨いの冥～天～
https://youtu.be/LZF5qJBx3sw?si=ell6z5ggIXNqQiSq,少女フラクタル,悠久の月に照らされて
https://youtu.be/WheY5CfR7-U?si=t_3rBf5Xx1da0kTr,少女フラクタル,囚われのアイ
https://youtu.be/08BFjIzRh8s?si=8198LywzULSiLYyP,少女フラクタル,星空を地に堕として
https://youtu.be/Jqx1rm4L5bA?si=JNdY_1RGTlEN5sUh,少女フラクタル,秘められた意図
https://youtu.be/FFE-oPfYY_w?si=Wj81BntvEU-arRTR,少女フラクタル,その日、夢想は共鳴する
https://youtu.be/JCvHar0NCGw?si=NySQjTkdWaZkMsKN,少女フラクタル,終天のアリア
https://youtu.be/NM0nP3ENaUQ?si=86NYYHTWH0pIOjT8,少女フラクタル,紅い花
https://youtu.be/LaGN0FVdVNk?si=336tfkj5WosrljWI,少女フラクタル,籠ノ鳥
https://youtu.be/xrH6McdTzK4?si=uRBsCB4FQwU2lglD,少女フラクタル,叢雨
https://youtu.be/h1Eb3GE1JL4?si=S5NCu75viGQByKOM,少女フラクタル,影踏み
https://youtu.be/TwzzdVxoJHQ?si=dEfirUXXuUdWY6IQ,少女フラクタル,無個性の影
https://youtu.be/nkFwWt1ogPo?si=xM0_kgT2WfHFo9PT,少女フラクタル,存在証明
https://youtu.be/6ToAOEAguOk?si=liuZrumBjw6e2t1q,発熱巫女～ず,RAiNY STARS
https://youtu.be/D6ygsyDlZtA?si=wjAotaDvb8zJfHWe,発熱巫女～ず,Silent Story
https://youtu.be/w2LLGX5Xt70?si=qFK4DP9flJ8GlqG-,発熱巫女～ず,桜花之恋塚 ～ Flower of Life
https://youtu.be/sDp2R5eQvfc?si=CUlU817WcsI__YR6,発熱巫女～ず,春望
https://youtu.be/tRIQGZZMUcY?si=uUhqSHDiuNst8VbP,発熱巫女～ず,東方萃夢想～hatsunetsu mix～
https://youtu.be/EoFhVwKzzRk?si=oLxCpiXBkYM-N47f,発熱巫女～ず,Starlight Dance Floor
https://youtu.be/es4MFjdtpYo?si=W-vmWuGL2BeyVG34,発熱巫女～ず,Moonstruck Dance
https://youtu.be/93Yk1ay9mP0?si=TqeD9G1gv5XAxmh0,発熱巫女～ず,ANTINOMY
https://youtu.be/4AogtBw7Bvo?si=9DOsApEJ8Le6nHUC,発熱巫女～ず,Starry Night Flight
https://youtu.be/3AngkGxbJ9M?si=1JZZhd4VuqAXRkO9,発熱巫女～ず,Dressed-Up Shadow
https://youtu.be/i5TPJFcFP70?si=Z6Yi-XmSvTHol0Ca,発熱巫女～ず,Beautiful Dreams
https://youtu.be/tR7fET2Pmfs?si=yFPr92tzIedVb4Gb,発熱巫女～ず,DANCE with WOLVES
https://youtu.be/xodQ-iwwv_E?si=8OaJR2SnVwvArhZG,FELT,Can't look away
https://youtu.be/b-rZyUDU0nc?si=QnvMPe4OXQis_-xT,FELT,OUR SHIP
https://youtu.be/OB7zaMMDJyc?si=OOPyObFWHtLozDf7,FELT,New World
https://youtu.be/Ld8QFYE8eH0?si=OQv83dp4xMiQFC36,FELT,Puppet in the Dark
https://youtu.be/tExJiGlUPq0?si=o-VHUtCM3cjigXgx,FELT,crescent moon
https://youtu.be/GbgNF5b8Aio?si=gmvmt7LVIq8WaScK,FELT,Dream in the Night
https://youtu.be/lwyZfuDG2Jw?si=sv7VJqdijfSPGMIB,FELT,Lost in the Abyss
https://youtu.be/dhIdnPX1unA?si=PlGZD043if65hvCz,FELT,Sky Gate
https://youtu.be/vWxPy_eZxf0?si=ZTdZp97XUHajVH0g,FELT,Memories
https://youtu.be/NLzWl57IdDI?si=1-qL9D55mp0Vvilx,FELT,Lost My Way
https://youtu.be/zbN57NA8Rvc?si=kFfzXGh77U2kOlQl,FELT,Star Velocity
https://youtu.be/tyjssEav1Nk?si=1K0w2LdnJTqp3gc6,FELT,Stars
https://youtu.be/qiK7nqraLAo?si=a_2JUf5zinBTKLDN,GET IN THE RING,祭炎
https://youtu.be/J3nHQQvF-U4?si=05XcF10lM8EuXmL2,GET IN THE RING,狭霧の灯火
https://youtu.be/ohUn40aAIYQ?si=nXQXjNq74SnQQb1Y,GET IN THE RING,Rebirth
https://youtu.be/BOhK3VCumjo?si=DE4McMrD5ulJ0WbP,GET IN THE RING,Purify
https://youtu.be/NBAnTDX2I1g?si=_rWmtk-2AloukVW-,GET IN THE RING,Arcadia
https://youtu.be/YOEQG_Y63do?si=8ehAuFgYTbKggqbA,GET IN THE RING,Unbind
https://youtu.be/7kSsKSADyc4?si=sog9REB8tdb-PzTU,GET IN THE RING,LWCO
https://youtu.be/MiUvH_YiB9A?si=sNIloOHGYEd0PYUq,GET IN THE RING,Lightning affection
https://youtu.be/0LgpDbRmI4U?si=qPdwuS1AIpyCUuMG,GET IN THE RING,パーフェクトエレガントとミステリアスシークレット
https://youtu.be/GTT5KCxkZbA?si=o4NPpcQhNNm8gpO9,GET IN THE RING,Cosmic Horoscope
https://youtu.be/Pj-gSDUQW-c?si=h0pbcjgnRro4DE9x,GET IN THE RING,Lunatic Kaleidoscope
https://youtu.be/uCYmWP_Ljhs?si=hSRp1wfC_Xanb_o7,GET IN THE RING,Moonscraper
https://youtu.be/Z8Vm7DeV1y4?si=7ZNqz55PbEJhvSoy,GET IN THE RING,GEMINISM
https://youtu.be/5BAl7mdhDgU?si=fR8VU7P-hAoUD20O,GET IN THE RING,Tell me the Rebellion
https://youtu.be/f-9YmU7KypU?si=TiW-TxKnycJMReWz,GET IN THE RING,作りかけのタイムマシーン
https://youtu.be/oC2fF6QiQ0g?si=OrTVLcRFDnc03gxE,GET IN THE RING,Sail Away 
https://youtu.be/UiMHhEeYj1g?si=u8Ufv1Sin28J-CoJ,GET IN THE RING,Whose Eye Is This Anyway？
https://youtu.be/vzpfJqhIiL8?si=OUJsFXFM9u2PIE-W,GET IN THE RING,Face To Face
https://youtu.be/rZzWxb6EP7Y?si=Ie71vYhAjKmUYHZE,GET IN THE RING,Forgotten Paradise
https://youtu.be/qZm9kyx7wtE?si=Cw_OccuNhqGf6L8P,GET IN THE RING,Breaking the Silence
https://youtu.be/b0maxBmQJ_0?si=g6kb1RSDfb9-M7Cf,GET IN THE RING,Graveyard Memory ～ Secret Activity
https://youtu.be/D-CyCa_BWfw?si=op8lpNAiPnNmvUWC,GET IN THE RING,ROLLING MY LIFE
https://youtu.be/-6fE7jQx7Z8?si=5gKXkMDvXct1w4pw,GET IN THE RING,華散里
https://youtu.be/mphN6Oe4OzQ?si=whDR2vKVeqWqwKLx,GET IN THE RING,ハウリング
https://youtu.be/qZYzvjq6IT0?si=5CWcKom6YTcHG5jP,GET IN THE RING,ロストブルー
https://youtu.be/VbzsC1p2eNQ?si=bgtGlNb_atXgOtOZ,GET IN THE RING,Kind Magic
https://youtu.be/keWYtq2JHew?si=GqskAhxk6Y5JPNxv,GET IN THE RING,泡灰願望 －デストロエゴイズム－
https://youtu.be/hyshc0FImq8?si=nGf_KtHkAOwlnJ3W,GET IN THE RING,天涯蠱毒
https://youtu.be/Qs2TXHmQ6lM?si=3e7ot03pYLyY9Aoq,GET IN THE RING,STRAGGLERS STREET
https://youtu.be/u3MsRYqnTQA?si=4o1ez4P6xQ7BK_h1,GET IN THE RING,艶でや雲海花嵐
https://youtu.be/LgyOW7Rc81g?si=XzwlAQUcZ970rgpE,GET IN THE RING,Midnight Syndrome
https://youtu.be/v6oj57I_blQ?si=FWUue8jt_NZn5kL8,GET IN THE RING,Aria
https://youtu.be/WY_1mbFJvK0?si=6aPRrutJbECmvpC2,GET IN THE RING × 領域ZERO,ナイトパレード オン ザ スカイ
https://youtu.be/ZSubhUiNg3w?si=j5Pw3wh7vm9UQKzI,暁Records × Liz Triangle,First Memory/Next Memory
https://youtu.be/4Le0qG3pI7o?si=DdrXsXhY88wMwmiO,Liz Triangle,夜のサーカス
https://youtu.be/4GIMles5nxw?si=4sjtNWYioZlD6NGB,Liz Triangle,ハウリング
https://youtu.be/vs0GmZTvwWg?si=NzUVu0hqGpHlCSRr,Liz Triangle,할레이션・리모션
https://youtu.be/niDDeAc9auA?si=IojnXPbMSsQynN6c,Liz Triangle,フォックスバレット
https://youtu.be/1dislIrA-sk?si=soC5UGbsFQHCOHn2,Liz Triangle,アナザーエゴ
https://youtu.be/xsVz5RNkehw?si=-9ttflmEEJEPfTsU,Liz Triangle,고마워
https://youtu.be/wwkV_RNWLac?si=vR20GLDjg-UHCCb6,Liz Triangle,インモータル フィロソフィー
https://youtu.be/bKhS4RytV0s?si=Iz7PssYn9wwU1QX6,Liz Triangle,エーテルの海
https://youtu.be/i-tDJgzVsO4?si=JrfY11ib0RNaAymy,Liz Triangle,White Lotus...
https://youtu.be/HqF4YccAlzI?si=f2wygQPTQUx7gKUs,Liz Triangle,ネガポジ
https://youtu.be/sNFMaLbyUY0?si=YMSsNEN0LD25ZYJx,Liz Triangle,Witches night
https://youtu.be/uiND4XKhIt0?si=LXRnbMBAnJ8ee_ZA,Liz Triangle,ライン
https://youtu.be/jSjUwprO0ok?si=JCGUyDIgajQOFFhv,Liz Triangle,言葉の花
https://youtu.be/wEwnEeq23SY?si=Rpw2-qzx4MOA-Ztb,Liz Triangle,Who Killed U.N. Owen
https://youtu.be/kmmvkn5c5rU?si=Bny62jVrFVZnmAjw,Liz Triangle,絢爛パーティランプ
https://youtu.be/G8uAlKStq5U?si=6MXESb2puEcuH6as,Liz Triangle,六畳半
https://youtu.be/RvfJCbRJUqk?si=DcHLMu-4hz1ds7fG,Liz Triangle,Stargazer
https://youtu.be/GFWaXG-NVEg?si=BtH7OFvg2C83uQxC,Liz Triangle,ヨク
https://youtu.be/U8DvfrSSqqA?si=TSUGZHwESrZgyNn6,Liz Triangle,神楽
https://youtu.be/L0leakxSFFI?si=QZUrzMqhoVDp0m3e,Liz Triangle,RIA
https://youtu.be/aoMGUr9_u0s?si=YCJr3aTSNsoxeVGM,Liz Triangle,Grand Spider
https://youtu.be/HS8-JOHaCcM?si=DphAqiAsq78jnK0Y,Liz Triangle,天地無想
https://youtu.be/USDBcIqNS6U?si=QzzJUktY_U-_wgAC,Liz Triangle,シャトー・ガル
https://youtu.be/K3IIhmMQl2A?si=7ccRxhUSiWFP1e4W,Liz Triangle,命の降る郷
https://youtu.be/FtutLA63Cp8?si=lXvRxGmNay8joUt0,Alstroemeria Records,Bad Apple!!
https://youtu.be/aXK4-RGf_k4?si=NBQULTl08TFUa20X,Alstroemeria Records,"Against, Perfect Cherry Blossom."
https://youtu.be/dJSvMgv3wlg?si=AE6l2BSD2Sr6DLe_,Alstroemeria Records,Interminate
https://youtu.be/SKtJ4eU8xfE?si=3NFiuG_zDT05KUdV,Alstroemeria Records,PUNISHMENT
https://youtu.be/ghnT1NnE79c?si=NU4PBhsB92f1mIBQ,Alstroemeria Records,Saigetsu
https://youtu.be/DdUoGjniJ7s?si=6rpqyBlvQXjlBv-a,A-One,U.N. Owen Was Her? feat. HIKO
https://youtu.be/n8vn1iFDhAs?si=aQSJajgt8PXkvg6Z,A-One,Idoratrize World
https://youtu.be/Gh60uDHysEM?si=kUSpP3l1HphgPP-s,A-One,Scream out!
https://youtu.be/9smRjZd7ky0?si=zvimd9U6bc4GovlW,A-One,Tempt Sign
https://youtu.be/hYPFn-z5llw?si=9IpjIaMRdc51z8OB,A-One,Awake My Soul
https://youtu.be/x1fk7OEThv4?si=06c-5uptGJC8kec9,A-One,Septette for the Dead Princess feat. HIKO
https://youtu.be/lAJC9bxZntk?si=2-27oiUfTieWHJbN,A-One,BEAT INFULLENCER
https://youtu.be/TbKWbUb3718?si=5CqLnmZUt7QgPjJS,A-One,One-Way Highway
https://youtu.be/IUNC3OWqGk8?si=R96lwkYi4gngLxZc,A-One,Tear You Up
https://youtu.be/62lpLoCX4aI?si=88N68xn3L8lgh5nD,A-One,Drive Your Fire
https://youtu.be/6UWNitDBb9M?si=-gevTJQ3IheLYiKr,A-One,THE END
https://youtu.be/W0VMfccfObg?si=JeNCjfOv0UEmJhIt,A-One,Bloody Knife
https://youtu.be/xJUQy6kdSUk?si=fbNkO3BRQi8cTXZU,A-One,Catcu Us
https://youtu.be/uL0VnWByEKU?si=yz9UlkUsPGN1rCrS,A-One,Starbow Break
https://youtu.be/gYGqcORGqIw?si=JhDS5g7OYB4jJYGY,A-One,MELO☆MELO MELTDOWN !! (Tsukasa Revival Mix)
https://youtu.be/EKps2d9AenI?si=Iy2hcQR0EL7G71Sm,A-One,More Than A Night
https://youtu.be/thxEeVpg0mA?si=7KBiIpnhyeYv-ndg,A-One,FAITH
https://youtu.be/7mo7PjgrMSw?si=ge2AcKwegVAUrIJU,A-One,Purest
https://youtu.be/eOwGo7YN-3c?si=pioAwVCBXPSEMQwY,A-One,Spider's Blood
https://youtu.be/zF9VdIs5RGI?si=rAKOQsXEmeocXsS-,A-One,No Guardian Angel
https://youtu.be/p0kwM-LikuY?si=y76pI-ff5fGZ_-7s,A-One,Remorse
https://youtu.be/GbwHqiG8cj8?si=_2BRexaEh0HQnakp,A-One,STAR LINER
https://youtu.be/wqpn1z_BP_8?si=lDgnN2UtxlWnjByx,A-One,UFO LOVER
https://youtu.be/X7XsTYn-euY?si=QrdAbuzbWhzh6izv,A-One,VIRTUAL DREAM
https://youtu.be/kBOa4csRfmU?si=upQkXsZCWRC4Uc6V,A-One,I Seek
https://youtu.be/ZM49fSnVacA?si=GfSa0P_94X7xazYy,A-One,Nightmares
https://youtu.be/_8mlH9-giXs?si=R4zjfek_kJ-xssdL,A-One,UNINSTALL LOVE
https://youtu.be/IScKC9pPnZE?si=n9kp_km1PsV7DKyw,A-One,Love the BEAT
https://youtu.be/OhAI0XrSlh8?si=en4Ly6liFG1HgOH4,A-One,LOUD FAITH
https://youtu.be/BVDJOtWuQYE?si=C3ke9cviDWIdPn11,A-One,Super EGO
https://youtu.be/34QlYNAp0g8?si=38YZIJZ7o_XJrE5Q,A-One,Wanna Be My Dream
https://youtu.be/DNjYcwlntqg?si=CtjAjDAmrGivyOPU,A-One,Rain Dance
https://youtu.be/hAy-1NraoR4?si=5ialXLl8HMpLets5,A-One,On The Moon
https://youtu.be/b67wgJSMCK8?si=NUH9h4l5WwklGrG0,A-One,53:00:00
https://youtu.be/rrdwiN91f_U?si=u93Yf_zHcrVpzJER,A-One,Recover The Future
https://youtu.be/JE1KdsgjI-Y?si=9yoPviVAtAvy2ScT,A-One,Calm and the Storm
https://youtu.be/YZr3JNsBgAg?si=wVYQqGTu1LFtXBpI,A-One,Another Card
https://youtu.be/mLoicLxFkOo?si=3YFELxeVCrCn0aF5,AbsoЯute Zero,23145EASONS
https://youtu.be/RFW2tBSKyF0?si=bQuDArs38DzqDM6E,AbsoЯute Zero,완전범죄 ⑥⑥BANG!
https://youtu.be/wcUM5_z2VgQ?si=hSAkYkzgLdRTwSKc,AbsoЯute Zero,초저녁의 화살이 되어라
https://youtu.be/mUezwNSzYho?si=bwBd_1sRTN4TslRO,AbsoЯute Zero,⑨ Till you know
https://youtu.be/R4Nk6KvS1ic?si=YKGQsDRDOc8mHc2E,AbsoЯute Zero,당신은 더 이상 왕녀가 아니어도 돼
https://youtu.be/O2fC4xpn5go?si=EJm1T3j35CioLqjk,AbsoЯute Zero,영원DAYS
https://youtu.be/BxocqeRe2Cs?si=HscV5lqMY6tbYE_6,AbsoЯute Zero,폴리그래프 ~ The 3rd Eye Ver. ~
https://youtu.be/gC3WeFPWwXc?si=JXUb2XBXh_lf0iVV,AbsoЯute Zero,Phantom Blade～묭 묭 블레이드～
https://youtu.be/e95LjKmNjM4?si=9SWRDr6XhrahPYsn,AbsoЯute Zero,영원한 사랑의 행방은 어디로
https://youtu.be/Pd1-pFUcOv8?si=gKrSf_4nHA_-NSjD,AbsoЯute Zero,흑백을 가리자 동방 저지먼트
https://youtu.be/hK9hlPqJTF8?si=X-XoFDBt7YfS-_WM,AbsoЯute Zero,Ray’s end
https://youtu.be/g-qPs25XDMw?si=ca0q54Vuot64NAsu,AbsoЯute Zero,보잘 것 없는 바케네코의 금기
https://youtu.be/JzF8hCaqEhY?si=1cISPZQ-Qum3f5tj,AbsoЯute Zero,잊을 수 없는 업보
https://youtu.be/7aggaHJWoOQ?si=XG9CG2nuNi-7WvW-,AbsoЯute Zero,月兎Back
https://youtu.be/jGxNZ9PJ-K4?si=fNwF2Z4_JxOMPb4d,AbsoЯute Zero,dedededeDance
https://youtu.be/7h7bnYA1LXE?si=G8e3nHUAxmzsgBA0,IOSYS,スカーレット警察のゲットーパトロール24時
https://youtu.be/V_bQNPG2OyE?si=q-6IBUauhM-1zm8S,IOSYS,치르노의 퍼펙트 산수교실
https://youtu.be/shmAGOTo824?si=lLbU0po0rqX0QliT,IOSYS,魔理沙は大変なものを盗んでいきました
https://youtu.be/bu1oJaWChwE?si=fsVZoDFLwOZ2mGX4,IOSYS,ウサテイ
https://youtu.be/aCCFgDMzNXg?si=75swz2DaY9sQJ-hW,IOSYS,Club Ibuki in Break All
https://youtu.be/ICpRT855-DI?si=MAmBCInllb8ajb6X,IOSYS,Miracle∞Hinacle
https://youtu.be/oALWRubuVWk?si=r8KY0uVtLm6sQPnq,IOSYS,Wakasagihime's 100 Sushi Topping Game
https://youtu.be/HbL5M_XplKk?si=sHWSjOTS7jyiwLUD,IOSYS,ねこ巫女れいむ
https://youtu.be/xVudIOga1OM?si=tlIBUQqFbAznyMwD,IOSYS,치르노의 퍼펙트 산수 교실 (PUNK IT VER)
https://youtu.be/-c1_2mhn1E8?si=wbre2xVyJIi8M2uU,IOSYS,Club Ibuki in Break All(PUNK IT VER)
https://youtu.be/Qcm1Nv8hw-g?si=IWVwgfMHwdR7WBfM,IOSYS,ねこ巫女れいむ(PUNK IT VER)
https://youtu.be/eD3E72USu9c?si=ELWN86pkg4IaPW1f,IOSYS,Miracle∞Hinacle(PUNK IT VER)
https://youtu.be/rAuw4vEvlds?si=2Mjqnyl9gOgyiYlq,Crest,Lovely Girl
https://youtu.be/JysQkKiFkw8?si=tckeLGWAnCGs7Ckf,Crest,相対ベロシティ
https://youtu.be/HsExWzIZ47c?si=mCsPAr3lqekwqeWS,Crest,Squall!
https://youtu.be/EuZ9XfLHEFA?si=dWpgm8eKQJyIUvrL,OTOMEKAN,Dancin' 2 step
https://youtu.be/bj4bLhTLWoQ?si=xBki_eO5khnmn3VQ,OTOMEKAN,Psychic Temptation
https://youtu.be/5dUp14tinrA?si=GPVrgg9gaNyXFmoj,OTOMEKAN,Wheel!
https://youtu.be/esRvxwppC_U?si=B0Ibd4Ehk4a09Cr1,"Studio ""Syrup Comfiture""","Baby, Baby"
https://youtu.be/4erQLutWehM?si=ZPkYeKJcyk6aHIxr,"Studio ""Syrup Comfiture""",月影少女
https://youtu.be/oq6IgGtUuUQ?si=jRjYXVRevENmCFaD,"Studio ""Syrup Comfiture""",Jump!
https://youtu.be/OabXRvVpE2g?si=Xk6dIib2Ash9ts-r,"Studio ""Syrup Comfiture""",Listen Up
https://youtu.be/PX1dCod0hS4?si=da63wk3Rvlp04a3t,"Studio ""Syrup Comfiture""",R.I.N
https://youtu.be/khgWfu42Jdg?si=S3j1tQbwi9epwZ_H,"Studio ""Syrup Comfiture""",Wheel
https://youtu.be/jQRNUDOBdTY?si=kJiSlvzmpWI_Ym4T,Water Color Melody,M.E.P.H.I.S.T.O
https://youtu.be/uadpdMNPbUg?si=Az04-2H_yl49IAyk,Water Color Melody,常識的にかんがえて
https://youtu.be/xWdp4HWC-b0?si=b08exhRdiaJlW9Gf,Water Color Melody,綺麗
https://youtu.be/Qsj_tyg1ZYc?si=i9gkPK49pz5XxUXx,Water Color Melody,月虹少女
https://youtu.be/dNhw6bFVhD0?si=pClHX2SGoXP-3iOn,ShibayanRecords,Clockup Flowers
https://youtu.be/FMn5-Qqrv-Q?si=A-7xgqL-7aDEVDof,ShibayanRecords,賢者の極北 (Nhato Remix)
https://youtu.be/Gimu8J9RbDA?si=xAPvvswtMhDYBavK,ShibayanRecords,Fall In The Dark
https://youtu.be/b2SwqSzk-WA?si=lLAKnfq4p-m-hTx1,ShibayanRecords,月齢11.3のキャンドルマジック
https://youtu.be/bO91hRlHcVU?si=IIldylhCYXd9litN,ShibayanRecords,雨はりらりら
https://youtu.be/kBJnmDLRNOI?si=96eqrZ4XJ4HrhwVj,ShibayanRecords,Desert Years
https://youtu.be/Lt-EbHhHD5Q?si=Q9hcAycwSyGALxjO,ShibayanRecords,・－・・ －－－ ・・・－ ・
https://youtu.be/yvNl6RK6xG8?si=fKs7MQOEVcLfqkQF,ShibayanRecords,とびだせ！バンキッキ
https://youtu.be/onu4HCwgwpk?si=BNwdJh7PKRDoqzAc,ShibayanRecords,SUPER MOON
https://youtu.be/HL4M1viB3jE?si=768_v0xqbY6mGz_6,ShibayanRecords,MyonMyonMyonMyonMyonMyon!
https://youtu.be/RhV2X7WQMPA?si=OEwoFXm7KpQkWRYb,ShibayanRecords,雲がくれにし夜半の月かな 〜 Fall in the Dark
https://youtu.be/HgNj9v5ClGQ?si=L62sT5f_bh6NNAcm,ShibayanRecords,オズネイ・ハマンはもういらない
https://youtu.be/iO-ZET0QfDg?si=pLmc-OXU3GlBezlJ,ShibayanRecords,GAZE IT
https://youtu.be/PH10crHv6K4?si=5KKFoGbp1AFLOfiH,SPACELECTRO,IDOL
https://youtu.be/HsSfRERG1PU?si=QDEFlgMmLQOwTYZs,SPACELECTRO,LUST
https://youtu.be/4ihFJ_RU5nI?si=lwl89-T1yVn80D6m,SPACELECTRO,Moonight Labyrinth
https://youtu.be/x42wtO6KZ78?si=nW0kGaKPXkE-5Ibd,SYNC.ART'S,執着の果て
https://youtu.be/ZECW6knIHtQ?si=IIO_N-ZVHPcn5xP6,SYNC.ART'S,Ideal state
https://youtu.be/uQwhOzOgvCk?si=id7tIa14U1SWmFdE,SYNC.ART'S,Supremacy Egoism
https://youtu.be/rpwM5Llgpwk?si=JC2wwu0-PK1bz12x,SYNC.ART'S,Strong core
https://youtu.be/wPU3TNNawt8?si=BYmoF-LZqpuOPpIF,SYNC.ART'S,snowdice
https://youtu.be/hv_qRSTcWCY?si=mjuudHAc-fYwOUF3,SYNC.ART'S,Sword of Valiant -2018-
https://youtu.be/u06wzmjAXNY?si=B1zlxnLqZjyZ4KO_,SYNC.ART'S,OPEN MY EYES
https://youtu.be/I-umwrq4vDk?si=exWF0RM6WCh4shGT,SYNC.ART'S,夢は現
https://youtu.be/rN-Y3YTxtYY?si=JC2T4Z3l2-xXtnV6,はちみつれもん×Aftergrow,アメノカゼ
https://youtu.be/f0p_wDT4s-A?si=LHGgaZN-DuRXN53-,はちみつれもん×Aftergrow,ナイトフライ
https://youtu.be/vkbkmNc4wyQ?si=4rnHqibGw8s4sKmD,はちみつれもん×Aftergrow,Daydream
https://youtu.be/T-XK6_MMtME?si=AbiPyzt5p8MVlWhU,はちみつれもん×Aftergrow,シンカー
https://youtu.be/YImksJvbbAM?si=OXszbqWjtLmayc2F,はちみつれもん×Aftergrow,Harvest Festa
https://youtu.be/eYK03kb38vs?si=251kqs8jwv2y8cMU,はちみつれもん,Twosome
https://youtu.be/NucMgPQhakE?si=4xpUq-X594AAhzsT,はちみつれもん,Stardust Ensemble
https://youtu.be/at_J60gqw1M?si=V2lKFVlYQ9BZ-CLg,Aftergrow,最低な僕たちは、あの日舵を切った
https://youtu.be/2Xs0uaGE86Y?si=qn3ilZNDTgU5ziEA,C-CLAYS,VaizravaNa
https://youtu.be/pNYYXlFrdKc?si=LCAXaXCImwuShH0Z,C-CLAYS,Never End
https://youtu.be/rUYyHMMMBzQ?si=hwBZCZVZfgwSjnQh,C-CLAYS,Shine on you
https://youtu.be/wnli28pjsn4?si=U77KCEjO8nHj54OR,DiGiTAL WiNG,Paranoia 2019
https://youtu.be/JOvXMVK98h8?si=Rzca_f7nz0gALqIv,DiGiTAL WiNG,M.O.N.E.Y.
https://youtu.be/sc96yPYgfwU?si=bMLejjPc-lnrP1e6,DiGiTAL WiNG,sharp edge
https://youtu.be/Rf9ppDaIxAI?si=rgGreuSfSFXiienG,DiGiTAL WiNG,恋ノ蟲
https://youtu.be/PlNaeE9bkbc?si=wDLu2ENFB9URAYXA,イノライ,ドラゴンスレイヤー
https://youtu.be/EX_eO9DbsHs?si=reqKe_zvRNseTdNB,イノライ,Love Love Scarlet
https://youtu.be/ovo5-un70tw?si=eF1MrMUHPxkQgVDG,フーリンキャットマーク,moon light magic～メイシャライトマジック
https://youtu.be/wSqgaN3362g?si=skzesgBZNGavOSs_,フーリンキャットマーク,キラキラ×ナユタ
https://youtu.be/_lwKubZoQgk?si=Wvd-hF2CCRE5gTcp,フーリンキャットマーク,近未来シンデレラ
https://youtu.be/ICq3kbHjyY4?si=xelLs3G1DIGmH8Pa,フーリンキャットマーク,星の砂漠のマルクパージュ
https://youtu.be/p-KX9hDPcGY?si=Mb9P9XfEfQ3FoMQW,Raccon factory,世界はワタシで廻ってる！
https://youtu.be/kKtMJdMaX-I?si=ILFD8HsBI6fv9rEb,Raccon factory,Hyperion
https://youtu.be/sBPG3hqpWcE?si=SQI2IwqmtxBYnUge,石鹸屋,巡るHarvest
https://youtu.be/LTlUkyCiLRw?si=oM3xhfS-Zv5mScKx,石鹸屋,さっきゅんライト(2025)
https://youtu.be/D5gV8fdWoNo?si=-C1h73sNieEXIcCT,石鹸屋,ミシャグジ エンパイア
https://youtu.be/MqPooSG3BdM?si=vF9bWCfSeyn7qsus,TUMENECO & GET IN THE RING,その唄の名は...
https://youtu.be/Oi68AAqfvDQ?si=gSb5xygc4Aw6c8t1,TUMENECO & GET IN THE RING,Graveyard Memory ～ ユメガタリ
https://youtu.be/6iF7a0i-f0s?si=OIvGjmyGtzsNy4ct,TUMENECO & GET IN THE RING,Call four name
https://youtu.be/_JxurEaQwwc?si=bG93tuJyUO60I56t,TUMENECO,星を廻せ月より速く
https://youtu.be/9Gvj7dc0qkw?si=1xcMlSqL83OdQ4o5,TUMENECO,五秒革命前夜
https://youtu.be/CJgP2_Saf7k?si=Z76b4AOxcF7bSAvZ,TUMENECO,未知の旅へ
https://youtu.be/T1CDfmsAdFY?si=COQ8sDj4wp24_I92,TUMENECO,ユメガタリ
https://youtu.be/cLY1o_hEKSE?si=7w7rD-HMDbvyF-61,TUMENECO,ナイトエンド
https://youtu.be/DPgm_Ml4gWY?si=pXbj6yvq_0zW9vhL,TUMENECO,ホシノユメ
https://youtu.be/DDke92rRu-0?si=PxGftNSHQEuJs6aK,TUMENECO,ポラリス 
https://youtu.be/-odZ2aXbc6U?si=VXXuBA1slf_EpliP,TUMENECO,始まりの夜
https://youtu.be/dMr13-HbBA8?si=2JkHq-UIWFSFfhYH,TUMENECO,ヒカレウタ
https://youtu.be/4vaAzmbQsVA?si=pF_JolWqosJ4x-5G,TUMENECO,眠らない夜に星が降る
https://youtu.be/AO-hxArN9Es?si=wvcvHRLOeqMHd8km,TUMENECO,星降る夜のラピス
https://youtu.be/uYZcrxnhwz0?si=gIk2CyLUPUV_yW2z,TUMENECO,現夢 -genmu-
https://youtu.be/K23Qq6SV51A?si=IhSLuUb_C1AU9qgQ,TUMENECO,夢現 -mugen-
https://youtu.be/f3a6t9H3f_w?si=jHNm5T1ysp7FZAYt,TUMENECO,Dream linker
https://youtu.be/-OqcTPrYyZw?si=aC1e5kUvyhMRJdBE,TUMENECO,流星前夜-はじまりの物語-
https://youtu.be/SpjTRs2N2Ds?si=4U0SCxxIPy4xgrzP,TUMENECO,37号から見る景色
https://youtu.be/JoppvyjZdX4?si=i3ehyQT2UeI6Ymx0,TUMENECO,ホシフルヨルニ
https://youtu.be/lcu53Fo4FIw?si=VJK7SPSJzsuYgKKX,TUMENECO×はにーぽけっと,約束のStarry Night
https://youtu.be/xPW_AL-IElM?si=XnsYxVqP8bl7TS7M,TUMENECO×はにーぽけっと,星空カフェテラス
https://youtu.be/qRELChC0g0c?si=VSOpCaCkZmaBYtQr,TUMENECO×はにーぽけっと,星の降る場所
https://youtu.be/i1W49jOiDGw?si=_fnOCFp3aaxEjM-Z,TUMENECO×はにーぽけっと,Recover the Future (Rock Style)
https://youtu.be/o27-M75CGTk?si=c9UMipigaJEJQr8f,TUMENECO×はにーぽけっと,Ready go round
https://youtu.be/w-3pWLzUWVE?si=AvbkNNyktgPCL49J,はにーぽけっと,招け！豪徳寺
https://youtu.be/ut3r__3gaVg?si=gBessdUFNCHRsL_7,はにーぽけっと,月夜ニ叫ブ
https://youtu.be/lEnzAWKagZM?si=D2W7Cg9pNRzULfby,はにーぽけっと,虹色未来
https://youtu.be/9HH5hJgqfQI?si=IvxRJU424-xnvJdz,はにーぽけっと,空探す虹 -positive spiral
https://youtu.be/Ez0RzS-CA_I?si=WgN-WSZPe4cN9XUp,Crazy Beats,Lunatic Voice
https://youtu.be/cmHaPphM6w4?si=e69_YJHnCYb4oBdf,Crazy Beats,INVISIBLE HERO
https://youtu.be/-w9TIYxZZg8?si=bCHK4b05YnUbZtSx,Crazy Beats,TRAGEDY
https://youtu.be/0tjdo2ntvHA?si=xL3YssJUyGVYaGkb,Crazy Beats,夜乃風車
https://youtu.be/16BPV96XmpY?si=4wxEDWpShghkb3de,Crazy Beats,上海幻想曲
https://youtu.be/VB6m4BdL5_I?si=sPt_MH6sRLt8mTMG,Crazy Beats,フェイス-Behind The Mask-
https://youtu.be/fcoE7H5tmQY?si=NY6VO-W9ClMH4-yA,Crazy Beats,ANGEL WiNG（頭文字T REMIX)
https://youtu.be/awCUJlrLhpA?si=lXkhgt51X5k48Cn0,Crazy Beats,ナカノヒト
https://youtu.be/Cm_MuYLI71I?si=QJYNoqbgJrfOo8QT,Crazy Beats,トラベリング・デイズ
https://youtu.be/oWMkwlEr7-U?si=ahjkVFcnS_eoSi8q,Crazy Beats,Mermaidream
https://youtu.be/qjj_YM2GQyc?si=iWFhjun8OxhPkykA,Crazy Beats,CROSS RIDGE
https://youtu.be/3cSDTg1wPnI?si=UbYQLLr9MJTT9JzY,Crazy Beats,少女サイコパス
https://youtu.be/kFewUrC7pB4?si=0dqLCtHxpDck1yf0,Crazy Beats,Monster Melody
https://youtu.be/YUUFtUjiblk?si=KELGZ-f4l9rfjh_y,少女理論観測所,망가진 인형 행진곡
https://youtu.be/dLx0JW5QMEI?si=7sf7vKvYUrUH7GaM,少女理論観測所,Hollow Masquerade
https://youtu.be/QzoqTdns_Kc?si=hWMQhmJt5uEOHhUz,少女理論観測所,AlternaCrime
https://youtu.be/-aUr8Geqi2k?si=HwXDcuqROkJYGCL4,少女理論観測所,理想主義とガールフレンド
https://youtu.be/nLrlpvnE_OY?si=Y0FQGJl-00FhKO9E,少女理論観測所,月に憑かれたウサギ
https://youtu.be/JVmnIKnIiPE?si=8nml2BpvXuMtUaW5,少女理論観測所,"Mary Go, Merry Happy"
https://youtu.be/9-FlnpGVLU8?si=Ebo_qHIbSjmCt-kA,Yonder Voice,星月トラジコメディー
https://youtu.be/sLz2CsN0NZU?si=NIF-HfwKOpGyc7K_,Yonder Voice,決別の旅
https://youtu.be/-9I9UVqy6GI?si=vlzPFBbyyqinAjak,Yonder Voice,Shrine Maiden Forever
https://youtu.be/s27-vbEvvfY?si=bwlI57yfq6KoFxLX,Yonder Voice,Solitaire
https://youtu.be/N2ZelbrsdRI?si=j5JKHGudf7yKWTKs,Yonder Voice,フライト・ナイト・フライト
https://youtu.be/nA8Dv7tboyc?si=-Zl1gtymkqlHMoNB,Yonder Voice,星空の花束
https://youtu.be/p26fJ-K-XPw?si=eaLeaxab7AhYb8wJ,Yonder Voice,偶像ハルマゲドン
https://youtu.be/uJQqugAEV18?si=A1K8IgS5Lephf7Z1,Yonder Voice,From Here to Yonder
https://youtu.be/7LthTzz26Hc?si=PBnI7UrzaajdxuAT,Yonder Voice,花月夜
https://youtu.be/5sqbKpOp_6s?si=ADg43gHXeU9usUDx,Yonder Voice,逆らい背くレジスタンス
https://youtu.be/UVvydHr11Qc?si=yUJU70gTXVyxBnNb,Yonder Voice,奏穹のラプソディア
https://youtu.be/duZKftWQ0Y0?si=ufqgJCazaMIkGkAB,Yonder Voice,蒼月の懺悔詩～Universal Nemesis
https://youtu.be/GtNn9Unthc4?si=yGd8IHsgUMKmX5tK,歌恋人,"サヨナラ, オハナシトリップ"
https://youtu.be/lxyHTqSJFgg?si=tvhPDZ7223LC3NDP,ESQUARIA,Dicentra
https://youtu.be/XIzrb65wiqM?si=qcqgFIB5zp92YhFI,ESQUARIA,Miracle of Decisions - Motome Nakaji Remix -
https://youtu.be/-ML7-N48egY?si=IG038LmK-jdRO6wA,ESQUARIA,繰り返す緑
https://youtu.be/bg3ifsGnkac?si=nJorcjexykM0wHwz,サリー,演奏A
https://youtu.be/XYDoBRCH41Q?si=q3xzmkGVmZJCL5u1,サリー,Wan～椀～
https://youtu.be/peHK86CFPCA?si=Kj2_ofVNlwL2ztyb,サリー,con～痕～
https://youtu.be/iqg4cFEkAIQ?si=KaQvms5V9qaDX6IJ,サリー,min～眠～
https://youtu.be/WtjofNGJrIw?si=qzGhimIqFmu0ucTv,サリー,夜に向かって這う直線
https://youtu.be/avW-RJ5wVFc?si=VL98KtXHRQ6fqFL3,サリー,enn～淵～
https://youtu.be/jfow3v5BTOQ?si=70TldH6qSulydVr6,サリー,A Coke In Misaki
https://youtu.be/FnRxG2dDmJg?si=Pb5YFutCuNnhJEm8,サリー,Zen ～然～
https://youtu.be/VPLllGNJV2Q?si=EUCu8R6shz9P5O78,サリー,未来予報
https://youtu.be/A-AUlXErgoM?si=3WZAYuZR3bx0scLb,サリー,泡沫
https://youtu.be/LKfxder1q3A?si=qnniWvsVE0hqjk3x,サリー,Addicted!
https://youtu.be/x7X_31eXpKg?si=RJI93ZFOreuu4gYX,サリー,アンコンディショナル
https://youtu.be/YLKFjKHgrTg?si=mnxGAl_Km0n0iAdj,サリー,新・新規テキストドキュメント
https://youtu.be/kioPolzdDXo?si=Yoi23tarzf9eKBB9,サリー,Plaza roboscape
https://youtu.be/KaKPhaTTH8U?si=tsQyeHFGHEkp7sFj,サリー,Plaza 4 vivitors
https://youtu.be/yykChWs0soY?si=nrk4T-Hou9d41AY_,サリー,オーバーラップ
https://youtu.be/lHkRem_61Kg?si=ff-GfB4HBMbWx2xK,モリモリあつし,LUCKY CAT (uma vs. Morimori Atsushi Remix)
https://youtu.be/SJBPJ4joELg?si=aPU86xKKrJey6pvo,ちょこふぁん,플랑돌
https://youtu.be/_TPwhN6XN8M?si=sPTRO1ozO9dYks6h,ちょこふぁん,ラブコール着信中
https://youtu.be/5WdxZg9P-rU?si=Tnu0apSNY8Lh4sPf,ちょこふぁん,過激派ヴァンパイア
https://youtu.be/Rr3YQsIa76w?si=NgBN5O0MfxmCtfQU,ちょこふぁん,壊れた人形のマーチ(ちょこふぁんRemix)
https://youtu.be/n0e7YdHS6YY?si=m7AtGzyde-Chlv3N,ちょこふぁん,Bloody†Nightmare
https://youtu.be/MqUmdJEVM6Y?si=di78T_HjdgvoEv7p,ちょこふぁん,レミチャッカサクヤ
https://youtu.be/-GWmParsUc4?si=31CjIMaEvi1Lsf4F,ちょこふぁん,Crazy Cheers!
https://youtu.be/Suqgk3cBGdE?si=CVOTkUc39Z3W12LI,ちょこふぁん,VAMPIRE KNIGHT
https://youtu.be/lSA3TS2aTuc?si=_KcvyVtt5m3AcooS,ちょこふぁん,LOVE ＆ BREAK OUT!
https://youtu.be/FJowOSU_KPY?si=k6K9AZ7EfanxXdVG,ちょこふぁん,LUCKY CAT
https://youtu.be/332pOfNxHio?si=_THXqMCs5KDbMaxU,ちょこふぁん,MINING & EATING
https://youtu.be/ZtQS8fuOFks?si=_Wcfss_a9WiaBYJ0,ちょこふぁん,LunaRainbow-marketeer
https://youtu.be/f8pNKRleOys?si=tf64yTCnoNq17wOl,ちょこふぁん,THUNDER PARTY
https://youtu.be/OUmoQs1MMuw?si=0u7PyT2Dx0ZhaHXx,ちょこふぁん,ビジーレイジークレイジー
https://youtu.be/P-KtYSrJv5Y?si=hIbuSJs5MWRe3B-L,ちょこふぁん,スキスキ♡ストーキング
https://youtu.be/xHNWYTWbaCs?si=qXTANGWManwgwM1Y,ちょこふぁん,戦乱残無
https://youtu.be/uACUDbh4I6c?si=r7jwBeVWWJjXbZpw,ちょこふぁん,騒霊コンチェルト
https://youtu.be/COpAW8TfNBw?si=BOLy5DGtD0u19Crw,ちょこふぁん,騒霊コンチェルト
https://youtu.be/HXdMyJWyASU?si=T2UIJcPYx2tM6VKs,ちょこふぁん,Dancing in the night
https://youtu.be/UP07S1peUk4?si=eIZg_1dzqfyALCFq,ちょこふぁん,The last stone goddess
https://youtu.be/mQX1uSPL1fE?si=XZhsXLzTT-mTpZYV,ちょこふぁん,Eternity Story
https://youtu.be/gK2mSz05GEI?si=ho7XvCFBaXiNCEgs,東方事変,夜な夜なエゴサーチ
https://youtu.be/fZKe9AKttqY?si=-rR9jFEsvGRMvfv2,東方事変,amore
https://youtu.be/Efdj5NtVe3I?si=O3x-MS_6Dd8BonRb,東方事変,ステロイド
https://youtu.be/jSmqzHSAJLg?si=v5uVc1nywsPNwgfB,東方事変,今宵、あの月の見える丘へ
https://youtu.be/e1zPZ5LFACY?si=4atmAP_jLHmVL3mU,東方事変,LOST IN THE WORLD
https://youtu.be/DE8pfN2TBbM?si=6-J1YHAk4pWrXC7P,東方事変,悠久フィロソフィー
https://youtu.be/AIIeruHrn9U?si=fbGlf6CalIByyZ9k,東方事変,パラドックス
https://youtu.be/WETcHMBd65U?si=hKdd2eBQN8GQsSPn,東方事変,Goodbye Heroism
https://youtu.be/eqZ7hBNklYQ?si=acY3OCXakJ82Ij18,東方事変,※TABOO!!
https://youtu.be/22C-Ct79y2E?si=wE8cXuDJeDNGRQAF,東方事変,今更ながら。
https://youtu.be/LSddc8d__ug?si=QbNQp_BiS2xzMzCV,東方事変,(新)ロマンティック
https://youtu.be/nTnR0CssVNg?si=GeUkTAErY3kmylRZ,東方事変,俗-zoku-
https://youtu.be/QMSk8fGUUwo?si=0vOZJkjTy3w8Zr_H,東方事変,生写 -ikiutsushi-
https://youtu.be/HhKJdo8DOcA?si=jHnQND_xMdMnyiYO,東方事変,ultimate
https://youtu.be/u25YyDqY-y4?si=FMtD799yRgbtlBln,東方事変,夜あけの晩
https://youtu.be/_IqBTCjsLeU?si=UaZHQ_CUxdeduTpx,東方事変,イミフイミテーション
https://youtu.be/F1Y1GRqmHOQ?si=iueVN_NrNP61VG79,東方事変,解体少女
https://youtu.be/vCrp01cT_OU?si=AaVnBEFg586TSmAX,東方事変,絶倫パトロール
https://youtu.be/jQ06hc_3q5g?si=S3tpVhpFYAPmWquc,東方事変,馬と骨
https://youtu.be/qeTqEilcVT8?si=VOw6phwb4fZOS8zY,東方事変,ココロノハナ
https://youtu.be/89t_m6tuJww?si=eYSf2YeCyCEVRn8r,東方事変,落花流水。
https://youtu.be/jkVWPHZHy20?si=rgZ39AHrATEp5Hi2,東方事変,luciole
https://youtu.be/FG6Gc4Bj8XE?si=fpIOh9qUnDkbvfMf,東方事変,凡人
https://youtu.be/JWlHkaCDbM4?si=gMLlyF31IOUHMT-O,R-Note,月砕くとき
https://youtu.be/GSMV-Rv7C1w?si=HaZpXiwCbFAHqEth,Halozy,源流懐古
https://youtu.be/WZPiLUvbNbk?si=h-MdX4ZiMlO1M3eh,Halozy,感傷の摩天楼
https://youtu.be/rYVMIEBnpTo?si=hesxZ2mR_jz-Vqex,Halozy,8番目の路地
https://youtu.be/QIXjf5x9zjA?si=0GWkGQfBZsNZXRyK,Halozy,白い地図
https://youtu.be/k01LrzUtj4M?si=egpkyQf3u-9GP6Fa,Halozy,物凄い勢いでけーねが物凄いうた
https://youtu.be/n-Eq5hehTNE?si=GmSK88U9sjMmtS36,Halozy,物凄いスペースシャトルでこいしが物凄いうた
https://youtu.be/jCubA3oltGM?si=VHtIp-0a6Z4xcK9q,NJK Record,WARNING!
https://youtu.be/b7x32wX-BvQ?si=PIlL_dTjrpscEKaF,NJK Record,Crazy Hot
https://youtu.be/B1g1djVfweY?si=EQDTbiASmOovcRMF,NJK Record,Spring of Dreams
https://youtu.be/bJ5hwQSRFK4?si=A7QIWUm09RwN0mrQ,ALiCE'S EMOTiON,Crime Wave
https://youtu.be/f7z5a21gTFc?si=gLi_99Yi2T-kxmWj,ALiCE'S EMOTiON,Mami Mami Zone
https://youtu.be/wB8QwS7B49c?si=dzAE7MnDUNIi1DK0,ALiCE'S EMOTiON,Torn Moon
https://youtu.be/froKNB-D7Ew?si=9A4FvrBEzRoojSXj,天秤亭,Back after Back
https://youtu.be/yTQnAqjo1Qg?si=_kmyQdzbepseaIXN,天秤亭,純化の定理、百合の花
https://youtu.be/8QUTXdR1vxc?si=u0vaLlbHCzQqzJmx,天秤亭,昏迷のサンクタム
https://youtu.be/CNlPGd_hPSg?si=idUMVHoKGmi_f88h,天秤亭,無限旋律のアリア
https://youtu.be/gkRzsBYTPJQ?si=cBFuDJS9E6bshW6T,天秤亭,to LABYRINTH
https://youtu.be/mIdP2XJIbxw?si=yAvyVzNo6Hnckz-F,天秤亭,偶像に世界を委ねて
https://youtu.be/BHKx8IeodUE?si=heIYUG4IjsMHQKCU,天秤亭,聖徳太子のペガサス
https://youtu.be/Sy7-IHPcOGc?si=9Bg7wbyoOB37GD03,天秤亭,Lady Justice
https://youtu.be/yFVpt9ivjxo?si=rXGXGDmzn_o_UjUl,天秤亭,メビウスの輪を走る
https://youtu.be/Xw0rh6pF-n8?si=FhlpF1UA5UtQUVem,天秤亭,人恋し秋の祭りの日
https://youtu.be/o_uddQilGCo?si=xCkIebqEQe-g9Q1D,天秤亭,ReTry
https://youtu.be/y-i4Qbxkw7E?si=D0tH2CgE9cv8GHA1,天秤亭,ウスユキソウ
https://youtu.be/ktFyV8ZMjNU?si=xoSNHFlXWBiA9xDO,天秤亭,"ツキの舟, 卜"
https://youtu.be/qxsZEe4a-dc?si=0A1KFZcTRc7_Yh71,天秤亭,ボクモヨウ
https://youtu.be/mGVOjF71yo8?si=8Q18U2NKW7vX9sLV,天秤亭,繰り返しのシエスタ
https://youtu.be/6EUz_SB4tqo?si=AVnmO2vBfPYfHgIh,天秤亭,虹を追って
https://youtu.be/OVYV6rBXIi8?si=QzPpM39kV6yiCV8u,天秤亭,スキミングカード
https://youtu.be/q6tW9TKEUaQ?si=Elai6dDPikHxw_H1,天秤亭,命の火
https://youtu.be/w3ihZ7hQInU?si=MQCgWOM4ax14UnWG,舞々,恋酔月
https://youtu.be/eVUiQSEntaM?si=2vjr6MAoVepikgTa,舞々,泡沫夢物語
https://youtu.be/DwhZ1pMQKCI?si=PuUYTfOtGQvgiJTU,舞々,星降る夜の物語
https://youtu.be/UnFL8ol2MXI?si=SZvb0uaOjBeSjQr3,舞々,秋風ノ神隠シ
https://youtu.be/Cmw1Px2bREA?si=EHt8nYI2gKgfQfxq,UNDEAD CORPORATION,火車の叫ぶ夜に
https://youtu.be/3Mo1sEJN47c?si=DMA2rYWIyoTHCPLU,UNDEAD CORPORATION,紅染の鬼が哭く
https://youtu.be/cD5qBeAVcTY?si=dey9AoLQTcQeN2PX,UNDEAD CORPORATION,天涯
https://youtu.be/nZU-PiMNBtY?si=3SsgWNB2wt4Nw3RH,UNDEAD CORPORATION,からくれなゐ
https://youtu.be/_gaXdhNdX4I?si=lH1LxtucPtDYD1Cq,紺碧studio,宴桜、宵ノ道
https://youtu.be/cLABNvtkkHs?si=WQwteAOntftjZBhM,紺碧studio,Luminous Twilight
https://youtu.be/0wFnEXnTvZ0?si=69QITPMm8h4Qb4ow,紺碧studio,輪廻転生-Forbidden Sanctuary-
https://youtu.be/NlaIYjQKCDc?si=OttAUaEoD5KGHzHe,紺碧studio,Change the world
https://youtu.be/9NH4b2Bo7hM?si=0Mp04uDY3EAOLsd8,紺碧studio,天狐ノ願
https://youtu.be/zmzoYhISUvw?si=k6iUQr9wZfJNtcQi,紺碧studio,月下の遠吠え-lonely wolf-
https://youtu.be/JMOiyUA26Lk?si=0q14_PwSqFaYtyHD,紺碧studio,Doubt & Trust
https://youtu.be/PE7vf9RzeQQ?si=6VPDAO1pv4qqTzkh,紺碧studio,PARADOX CREATOR
https://youtu.be/EXqhvU8Gmwk?si=2CMFK7TL3TYfx54i,紺碧studio,バンパイアメイト
https://youtu.be/gQS1BH3NdOA?si=yguqxtSajDOt7I_5,紺碧studio,ヒロインズルール
https://youtu.be/xssCPImmHuo?si=5tWelLQVb3pEeHiC,紺碧studio,Greedy Party Night
https://youtu.be/VXWd2NkS5lM?si=dJLGauHv7EBpB4In,紺碧studio,TRIANGLE▽SITUATION
https://youtu.be/RMC0DKJxckA?si=oeVEsdpwbiLP4-k3,紺碧studio,天命転冥
https://youtu.be/D06Vyef5Qls?si=I7yRygNK_Izggawo,紺碧studio,ANSWER//TALKER
https://youtu.be/sRTJ4wt7uB0?si=DdbugyO5RNeHGB4g,紺碧studio,ヒロインズイグニッション
https://youtu.be/gwvaU_zeEg8?si=gm8oiHyS49d01Ygy,紺碧studio,Variable Mystery
https://youtu.be/hKcZGcUQRlk?si=8r9W-XVIDrAiAwy8,紺碧studio,Occultism Syndrome
https://youtu.be/VXWd2NkS5lM?si=nCNjP_ovqK4_bf7h,紺碧studio,アクシオン
https://youtu.be/qAc9KO6Ozvo?si=Nzkhhzr6fHu_pE_m,Foreground Eclipse,I Bet You'll Forget That Even If You Noticed Thatreground+eclipse
https://youtu.be/HsmFPODUmpk?si=EHdmUK7g39VfHB_2,Foreground Eclipse,(I Don't Need Any Titles To This Song!)
https://youtu.be/whoUiCIeke4?si=QXmIdqm2vZXqpX6K,Foreground Eclipse,In A Night When Her Sorrow Resounds Around
https://youtu.be/5I-2spVXmHs?si=ClLK-7KKww77OzJD,Foreground Eclipse,Flames Within These Black Feathers
https://youtu.be/vOMHBg2CRNo?si=vTwL6TjGJGHh4EUu,Foreground Eclipse,"Wandering, Never Wondering There Exists"
https://youtu.be/ce6MTOsL1ng?si=GRvuJNK2wjGNGKE1,K2E†Cradle,無限の聖域
https://youtu.be/MVZo5HpyS1Y?si=sez65bTEJjKrTyvz,K2E†Cradle,揺籠
https://youtu.be/myQ-9MkMfnQ?si=cd8Wkce5NMJH3jEj,K2E†Cradle,Get the truth
https://youtu.be/if748AdsmKk?si=oRqlB-HnV0LROG-o,K2E†Cradle,Change the world
https://youtu.be/rzy0hDh1GmA?si=7HxgFO1ql6_EwLkB,K2E†Cradle,月下狂宴
https://youtu.be/hU3_tyw9IkY?si=5o29GjKjRM-HiyyN,K2E†Cradle,廻天招雷
https://youtu.be/Pp-EQRHrZKI?si=cZ8ri10kUfDRPa1C,K2E†Cradle,Crush the Fate
https://youtu.be/zRtWG7Lp4kY?si=Ut4nGJmjXSW3m5mj,K2E†Cradle,Huddle The Rabble
https://youtu.be/0vstOvx5cbY?si=Gd_MQCs3OWaFhPz1,K2E†Cradle,焔環の鎮魂歌
https://youtu.be/rYP7XTXFxPs?si=9fdkfz7Sl3dZzhwd,K2E†Cradle,孤独の轆轤
https://youtu.be/HMYEXr4tFV0?si=aSBqCorMaAUUNVui,K2E†Cradle,Rainy Dream
https://youtu.be/MaE_tkikO2U?si=g85JEr2bqiSaswZq,K2E†Cradle,水の子
https://youtu.be/YlgcYF0rPYM?si=HeI5_gma-C9jl7jU,K2E†Cradle,FAIRY PARTY
https://youtu.be/Yz0fnhbDcF8?si=9y-HSCDiCXHkir7s,K2E†Cradle,甘美なる晩餐
https://youtu.be/Cfw9bWNzNmU?si=5HGGPMSqmgOH_gKo,K2E†Cradle,輪廻 -RINNE-
https://youtu.be/WrVfqH9QePA?si=oDgn6kD6HgroY-I7,K2E†Cradle,Glint of decision
https://youtu.be/3B718J_FI2c?si=7_NrTk5GOfJF-6QE,K2E†Cradle,賽は恣に
https://youtu.be/Ypfxo1ubhy8?si=f6ytVFb2mloHR0pC,K2E†Cradle,I NEED YOUR LOVE
https://youtu.be/3W41AXgEXqE?si=DRfyLGqEAOY7BRhz,K2E†Cradle,POM-POCO Disco
https://youtu.be/wo5XttDuIbM?si=zVbKNdpdXTBrahuv,K2E†Cradle,はっぴーにゃんにゃん
https://youtu.be/xcbAcFnES6Y?si=K1-h_elqvmywYFGX,K2E†Cradle,BANDITRY BOOTY
https://youtu.be/DhRDiko06cc?si=P4m0dCMgDdonDqKe,K2E†Cradle,The stars in my heart
https://youtu.be/_oRxHF8GiUE?si=9qezp5pf2aWO4r_6,Frozen Starfall,Lullaby
https://youtu.be/iMQ2l6ejcjM?si=dN_fYvuAgi3p6Y3H,Pizuya's Cell,駆ケ落チ、タイムエスケープ
https://youtu.be/JdzkW0zNM8A?si=bx0VKt-GzW2My8QH,Pizuya's Cell,Clair de Lune
https://youtu.be/5kC42biGcVQ?si=87J8BYZ675pOqC-A,Pizuya's Cell,相子になるのはいつもチョキ
https://youtu.be/nB1nlOBCqr0?si=LhcR9iB389BNFGZF,Pizuya's Cell,衛星アクアリウム
https://youtu.be/Ff71Rc--QmY?si=Qygf7mxmZLIeZYqe,Pizuya's Cell,비석의 아이디얼
https://youtu.be/9y8_vRTv7HY?si=cVjIjm2IJG-cm9x5,Pizuya's Cell,Crazy Clumsy Circus
https://youtu.be/Ba0ql1UNbS4?si=COPyparejjlEtz9v,Pizuya's Cell,유비쿼터스・그리니치
https://youtu.be/WtP5wSE627I?si=CPI-8i5GYunzTQ9h,Pizuya's Cell,카레이도스코프
https://youtu.be/LietOgxjB70?si=otRWoe0zI-m8Nct2,Pizuya's Cell,NOiSE -노이즈-
https://youtu.be/JxxY56lkCDo?si=O3OkNcwfoQqmSYIJ,Pizuya's Cell,リングワールド
https://youtu.be/eDIOhSCqFTs?si=MUP25p36q9P11U_-,Pizuya's Cell,ゴールドビジョン
https://youtu.be/rZdWlQv5tLY?si=O7XJBw5VZakUG_6J,Pizuya's Cell,Midnight Liberty
https://youtu.be/vkBtUKLwIZI?si=Mca5lVxzWYjxOtZ1,Pizuya's Cell,インフィニティ・フリー
https://youtu.be/pDm75wnNhIg?si=QEV6X_UeQ_ditpnc,Pizuya's Cell,Lost of emotions
https://youtu.be/2Rz0J04frJ8?si=kZ0Ub8E_bhfqoXk1,Pizuya's Cell,特別な二人の秘密基地
https://youtu.be/19qWltIccl4?si=kCBAcPPFtKGq8NUd,Pizuya's Cell,가짜에 사로잡힌 인질과 뒷문으로의 위협
https://youtu.be/cyn50spjvmM?si=8Vfv9bonmzx38qTa,Pizuya's Cell,크리에이티브 모드
https://youtu.be/dT-oMPitCu8?si=THxPtba7JGUkHI18,Pizuya's Cell,Never-Ending Story
https://youtu.be/zOO4O_TG8pU?si=EHhdhFVh8_rCTaMO,Pizuya's Cell,シンギュラリティ
https://youtu.be/M8_qcmswVlU?si=r-3dy-A-kUxg_RMR,Pizuya's Cell,I am so I am
https://youtu.be/TjESxdcN7JM?si=qWx7V3_Tt0hkBoJW,Pizuya's Cell,레지스탕스・배턴
https://youtu.be/GgJfdbD4poA?si=6vtJPbfOg_aM04M2,Pizuya's Cell,月面トキメキツアー
https://youtu.be/eW_gri4kmrY?si=fY7fCMl5zfoyemF4,Pizuya's Cell,몽환포영
https://youtu.be/pLzkvucuKsg?si=pKRBG4h2PDQb88vd,Pizuya's Cell,아라쿠레 비트
https://youtu.be/HzNNzdlinQ8?si=Wz2zO_-XtF76iI0Q,Pizuya's Cell,Blood Chart
https://youtu.be/3Y4etrcR5TA?si=H4NqmJnHEe2WDIpX,Pizuya's Cell,Spectacle Dream
https://youtu.be/4Lpy7n_aOAY?si=WCzhveCesyC_SmnL,Pizuya's Cell,ジャミングヘルツ
https://youtu.be/f0hCFlqdu8o?si=WftK21uVcIP1gQ1R,ZYTOKINE,Poker Face
https://youtu.be/cGLCqxPfdjY?si=vEcKVjW3-EAQo13F,ZYTOKINE,LAST DAY GOOD NIGHT
https://youtu.be/siWkdo6qexk?si=AAM3ws9rqw-zlBn9,ZYTOKINE,HUNDRED DUOVIGINTILLION ARROWS
https://youtu.be/ShoO1cmi25g?si=ohD6v_aWXKu0sCFp,ZYTOKINE,DESIRE DREAM feat. itori - FELT Remix
https://youtu.be/__B6TzlIkDM?si=9KxuioxkuEpJm4a9,ZYTOKINE,WAVE WAVE WAVE
https://youtu.be/APzkEMZetX4?si=stSYX3k1Bu_QdwfF,ZYTOKINE,point of silence (Synthwave Remix
https://youtu.be/BJJMv7hxtZI?si=Y0GyUb2mCH3PfTAm,ZYTOKINE,Dancing Dollz
https://youtu.be/rmSpL9xdQpQ?si=Jc36aGvGAJedEYAW,ZYTOKINE,uni_Verse
https://youtu.be/kkJdcdzARPs?si=yLZCXqggMtXXxsRy,ZYTOKINE,ZOOMANITY
https://youtu.be/figAGUYPfws?si=J9gssazaH5ZR_Yuj,ZYTOKINE,trompe l'oeil
https://youtu.be/_8LWqaDSawI?si=Dhrjax00y7Oh56JG,ZYTOKINE,garden
https://youtu.be/XGQA4Gdn2aM?si=UjqRBFimiwX88db6,ZYTOKINE,Tumbling Dice
https://youtu.be/nwSz5AX5jkI?si=5_zFR3-YAup2-UNR,ZYTOKINE,IRIS
https://youtu.be/Ebq9OF5fpfU?si=UZf8nTE6-h4qXuYc,ZYTOKINE,0 GAME
https://youtu.be/5YJCccaSD-Q?si=Kf65R4njaQWbFqsF,ZYTOKINE,FLAME KEEPER
https://youtu.be/HpLjSCxiuBY?si=UhtTE1NsbxJ6qota,ZYTOKINE,gold
https://youtu.be/OHsC-Cw_6HQ?si=3ODVzs186Rq3aEUo,ZYTOKINE,MOTHER NATURE
https://youtu.be/8-CFyyQ7NfU?si=o29NYKGbgjJD--XJ,ZYTOKINE,2 Gather Beat
https://youtu.be/_na_9ZYsEGY?si=F0Wvb1_kKOYtuXYI,Amateras Records,Next Sanctuary
https://youtu.be/YVDCb8ndl4c?si=6DJ8fc0hY4FgiOmt,Amateras Records,恋繋エピローグ (Ryu☆Remix)
https://youtu.be/3-p4qaYKLFs?si=fIBRYpkxlgpWbrd_,Amateras Records,Eyes of Beast
https://youtu.be/gDkssoOsgAs?si=yQ_kNVKn-boLXAgL,Amateras Records,Go! Let It Out!!
https://youtu.be/PIuNc2Giw5c?si=CTeF-mzs8gmyedxb,Amateras Records,Heavenly Bow
https://youtu.be/uV2gNyjxq4Q?si=l9W2ceDsxHGO22wI,Amateras Records,Sequel
https://youtu.be/CH9cHp-QM1c?si=0Pzn01BjqZFPXuRr,Amateras Records,恋繋エピローグ
https://youtu.be/jSh54Ho27RI?si=VaJi0s64Ud2gp_1J,Amateras Records,My Dearest
https://youtu.be/fTaJHqugLig?si=6jD5X9TrHUm16rPH,Amateras Records,Crazy Parade
https://youtu.be/qLN_xPQKbAg?si=qApnR4WGpOaB1pU6,Amateras Records,深奥カモフラージュ
https://youtu.be/b9m-k3Sbuzs?si=UF1oDcOyznTRCT9z,Amateras Records,Ford Stream
https://youtu.be/CkEhvfhSd7E?si=LVWcyrd1miAt81ZO,EastNewSound,緋色月下、狂咲ノ絶
https://youtu.be/x27i9XaXTq4?si=cxC1tjLeqwYK33p5,Tsubaki,回転木馬
https://youtu.be/crVeAl7cO1s?si=L68idSdndYq2KrPc,Dドライブ,なんすか^^CHIYALEADING
https://youtu.be/gm9cR0W1q5c?si=KamqJ1s_r9FnwwDw,玲瓏のHydrangea,환상적 꿈불꽃
https://youtu.be/wbI0j2iMxBo?si=WZY7UX7zo8awLDYx,玲瓏のHydrangea,몽환상 -MUGENSO-
https://youtu.be/zLbqm3B2D4g?si=dXthbBZbWXlnQdwh,玲瓏のHydrangea,"이자요이, 시간을 멈춰서"
https://youtu.be/nZuZOdw_DTg?si=EAJPcBYtod4WRRcA,玲瓏のHydrangea,瞬きの世界
https://youtu.be/U3GFeJ7n9WM?si=9fWM3Ve6FfO_9ds9,玲瓏のHydrangea,虹色ファンタジア
https://youtu.be/M39tmLKnoOQ?si=DeKeVZ4yeg7BBVBk,玲瓏のHydrangea,앵화난만
https://youtu.be/c_icOM13XaU?si=qYmI0ntQe4yXXHsU,玲瓏のHydrangea,"달의빛, 영원한 그림자"
https://youtu.be/fcV6uIUu5_U?si=DymOuE-V-xJZMr2y,Cereza,Miss Divine
https://youtu.be/HOc8d0pJq1w?si=NGWnG_n3MMuOiWCd,0P2C,SAKE BOMB
https://youtu.be/WTVXFWZrM4M?si=XJxgEUIx1TCqTfNY,None,Lunatic Human State
