테스트, ﻿https://www.naver.com/
길이 테스트, ﻿https://www.naver.com/
길이 테스트, ﻿https://www.naver.com/
길이 테스트, ﻿https://www.naver.com/
길이 테스트, ﻿https://www.naver.com/
길이 테스트, ﻿https://www.naver.com/
길이 테스트, ﻿https://www.naver.com/
길이 테스트, ﻿https://www.naver.com/
길이 테스트, ﻿https://www.naver.com/
길이 테스트, ﻿https://www.naver.com/
길이 테스트, ﻿https://www.naver.com/
길이 테스트, ﻿https://www.naver.com/
길이 테스트, ﻿https://www.naver.com/
길이 테스트, ﻿https://www.naver.com/
길이 테스트, ﻿https://www.naver.com/
길이 테스트, ﻿https://www.naver.com/
길이 테스트, ﻿https://www.naver.com/
길이 테스트, ﻿https://www.naver.com/
길이 테스트, ﻿https://www.naver.com/
길이 테스트, ﻿https://www.naver.com/
길이 테스트, ﻿https://www.naver.com/
길이 테스트, ﻿https://www.naver.com/
길이 테스트, ﻿https://www.naver.com/
길이 테스트, ﻿https://www.naver.com/
길이 테스트, ﻿https://www.naver.com/
길이 테스트, ﻿https://www.naver.com/
길이 테스트, ﻿https://www.naver.com/
길이 테스트, ﻿https://www.naver.com/
길이 테스트, ﻿https://www.naver.com/
길이 테스트, ﻿https://www.naver.com/
길이 테스트, ﻿https://www.naver.com/
길이 테스트, ﻿https://www.naver.com/
길이 테스트, ﻿https://www.naver.com/
길이 테스트, ﻿https://www.naver.com/
길이 테스트, ﻿https://www.naver.com/
길이 테스트, ﻿https://www.naver.com/
길이 테스트, ﻿https://www.naver.com/
길이 테스트, ﻿https://www.naver.com/
길이 테스트, ﻿https://www.naver.com/
길이 테스트, ﻿https://www.naver.com/
길이 테스트, ﻿https://www.naver.com/
길이 테스트, ﻿https://www.naver.com/
길이 테스트, ﻿https://www.naver.com/
길이 테스트, ﻿https://www.naver.com/
길이 테스트, ﻿https://www.naver.com/
길이 테스트, ﻿https://www.naver.com/
길이 테스트, ﻿https://www.naver.com/
길이 테스트, ﻿https://www.naver.com/
길이 테스트, ﻿https://www.naver.com/
길이 테스트, ﻿https://www.naver.com/
길이 테스트, ﻿https://www.naver.com/
길이 테스트, ﻿https://www.naver.com/
길이 테스트, ﻿https://www.naver.com/
길이 테스트, ﻿https://www.naver.com/
길이 테스트, ﻿https://www.naver.com/
길이 테스트, ﻿https://www.naver.com/
길이 테스트, ﻿https://www.naver.com/
길이 테스트, ﻿https://www.naver.com/
길이 테스트, ﻿https://www.naver.com/
길이 테스트, ﻿https://www.naver.com/
길이 테스트, ﻿https://www.naver.com/
길이 테스트, ﻿https://www.naver.com/
길이 테스트, ﻿https://www.naver.com/
길이 테스트, ﻿https://www.naver.com/
길이 테스트, ﻿https://www.naver.com/
길이 테스트, ﻿https://www.naver.com/
길이 테스트, ﻿https://www.naver.com/
