https://youtu.be/V8BsMqhFIA0?si=VoVu39oxUyyuRp10,ti,ウサギハ　マイオリタ/The Rabbit Has Landed
https://youtu.be/L_z3IZltbbM?si=Pp8pbUg8YQ1_EsKT,ti,騒音で楽しい夢が見られないアリス/Drip Dippy Alice
https://youtu.be/zbgEELdD9vU?si=hlgy1Lcint3o4RGT,ti,秘匿されたフォーシーズンズ
https://youtu.be/p3jVbuNGKEg?si=SsRZjYcY9VT7MuuO,ti,YOUKAI Hook On!
https://youtu.be/a4X_JZpaRKY?si=oiHYTc8KDOk8F5r_,ti,こおりついた永遠の都
https://youtu.be/thi8-v3jHOI?si=s99FV-KMztSBK_IG,ti,世界は可愛く出来ている
https://youtu.be/YkD0yjSphNE?si=O2tjyoaeopN5kM_r,ti,100回目のブラックマーケット
https://youtu.be/v1cAhZrGo6I?si=-d83HruPDPhVeuqY,ti,レトロ音源で53ミニッツの青い海
https://youtu.be/6cA0WODO-Go?si=u9OHFnH8C-m85pdD,ti,山賊的技術
https://youtu.be/4KWEdpKmWVY?si=qmlC1ilrUwgAAlj9,ti,ヴ゜ォャージ゜ュ1969
https://youtu.be/GJ1jQ91ZsXM?si=SLq9elOKJQ99Yig5,ti,セイクリッドフォレスト
https://youtu.be/YAS9aSxeEZw?si=U2UmcChgMv_3us_3,ti,地蔵だけが知る哀嘆
https://youtu.be/_VbrYrgfPPY?si=5xx3q6Mf1tT9v67V,ti,げんそうの　ホワイトトラベラー
https://youtu.be/11OTgp-3iV8?si=S7gtDpOkI2rapxfc,ti,FMルナレインボー
https://youtu.be/uuIB4vR-3LA?si=p8ih7LyQ2X7zfvOB,ti,駒草咲くパーペチュアルスノー
https://youtu.be/Y3h-7o6hQ6E?si=2kWU8GtWbGHzGpW1,Crest,To the Journey
https://youtu.be/9O-6hDj1Axo?si=g-X3nCgWnG5WM1KO,Crest,Greenwich Dans Le Ciel
https://youtu.be/kAfCJH25y2Q?si=Nxz6md-3ejo1FkwM,_bazaar records,Eat up my HEART???
https://youtu.be/r4DAEzFElFA?si=n70Gip1yLJmRqj8D,_bazaar records,Good-bye Suicide
https://youtu.be/iDAqA3CBfhs?si=eyTK0-umVi3lfk_q,_bazaar records,Acute Jealousy
https://youtu.be/0Y-jwsyKli0?si=h9hMIGcSY7LkspuT,_bazaar records,bouchonne
https://youtu.be/5-kHtw764OE?si=Hmyi4dMwqXS8HqAd,_bazaar records,e^(x+i)＜ 3u ?
https://youtu.be/hq3yv9jQGTw?si=rPNBiPo6xZf0nata,_bazaar records,Implicature
https://youtu.be/Z_yfDohJxiw?si=8fS825bq6mLGXIsu,_bazaar records,:clap::clap:
https://youtu.be/iV0X8x8uFc0?si=ej3o9uncyJuSCYGc,_bazaar records,bentra-bentra
https://youtu.be/92u8EPaqhu8?si=iWZJm7O2cml5yTj4,_bazaar records,Moon Shot
https://youtu.be/y5z5Ta7SxbU?si=jWyfzIKXf0SSblwB,_bazaar records,-80538738812075974³+80435758145817515³+12602123297335631³
https://youtu.be/jyt7mf5BaEM?si=yZ9lVc6Va3mwx7d9,_bazaar records,IRISΘPSIA
https://youtu.be/waVdlpDVJs8?si=9l1vcKNPUouKX79o,_bazaar records,"The Great, Great, Great, Great, Greatful Ending"
https://youtu.be/F377TG3uuBA?si=73ao-uMc_smf4zMy,_bazaar records,myth?
https://youtu.be/4b7kK3HfWok?si=T6D9fPnebU-xhiS0,_bazaar records,This Song Was Puked In Recurrent Process
https://youtu.be/xv_bc0i8YvI?si=kJXmNToy0XHH-kBW,モリモリあつし,ナイト・オブ・ナイツ (MRM REMIX)
https://youtu.be/voKlLiw4SEg?si=-oSDkAYJvJlJ3tNu,モリモリあつし,スカーレット姉妹のFunkotにハマってる方 2017 V2
https://youtu.be/i_CKlwbdvjI?si=pwJztuHp2x4VHvZw,モリモリあつし,プリズムリバー三姉妹のUKハードコアにハマってる方
https://youtu.be/JxLHtVCnT40?si=s9YKiibNWYBYTX73,モリモリあつし,Perfect Cherry Blossom 2014 V3
https://youtu.be/JzBTHq9jOls?si=_rbXXW1JczNmD8Bh,モリモリあつし,DUAL BLADE
https://youtu.be/sEHkFRIe_8U?si=cjg1FunKm0L36vZs,モリモリあつし,Txxs Or Get The Fxxk Out!!
https://youtu.be/aLnz13CgU3Y?si=HNMNbhGzob0Bv6dQ,モリモリあつし,遠野幻想物語 (MRM REMIX)
https://youtu.be/wQ8SgR0Yk34?si=4WswMnjlCptzzVJj,モリモリあつし,秘封倶楽部の治安悪い曲にハマってる方
https://youtu.be/aqphmjAc9ZM?si=p2ElV_8E6Nkb6YGf,モリモリあつし,希望の星は青霄に昇る
https://youtu.be/MvrOxXwkfYs?si=8iTuVYyVm1vl5NOe,モリモリあつし,Cross Conflict
https://youtu.be/S_H-WGLdVjg?si=upaBIw7OGjJ9fXlL,モリモリあつし,満月の竹林 (MRM REMIX)
https://youtu.be/vjgWqy0H1A8?si=-4r1G1XNaG0FnjII,COOL&CREATE,最終鬼畜妹フランドール・S
https://youtu.be/2TTuH9BPwjI?si=vxmwdySqaFBHluB8,COOL&CREATE,ナイト・オブ・ナイツ
https://youtu.be/elDwa3JMVyg?si=MWY9irO1nHmTrPbn,眠れない∞音楽幻象,Spear the Void!
https://youtu.be/b4iHtmRzAzo?si=5oMuzaZP73Q_vttA,眠れない∞音楽幻象,〇ver the sphin✕...？
https://youtu.be/i8LUBgV31pk?si=Nexbl-PKMnq-JrYw,眠れない∞音楽幻象,こぎつね座に祈りをこめて――
https://youtu.be/yXn6sn30XqY?si=E3WoPLH9xFHL_Az4,眠れない∞音楽幻象,ニゲラレナイ黄泉ノ道
https://youtu.be/0N1hEUdZSjk?si=F2uGT6UQd5uHGPeE,眠れない∞音楽幻象,Apocalyptic Market
https://youtu.be/30amjMe61Sk?si=yyOYGjrmGb88nVb8,Login Records,Wonder Clever Stealer
https://youtu.be/pd3OpeZpdcA?si=Y1xHMuX5drnegOOj,Login Records,H3LLC4T
https://youtu.be/Qp-AZmp91S8?si=C2N8uA8eZREIreRO,Login Records,Foxxa Magna
https://youtu.be/HPwxOS1ZeNo?si=v17hOPIfjL7JLIsu,Login Records,Nebula
https://youtu.be/mXWOtWxkHCs?si=BPLa3UpamUoDtk0l,Login Records,Earth to Earth
https://youtu.be/bPBFF4ABNVA?si=lWI1wUnVpmMoZug0,Login Records,Unknown Material
https://youtu.be/5BcyUkEbpx8?si=010k9FAS-uINjiyf,Login Records,Nowhere is That One
https://youtu.be/tQdc6qUSl0Q?si=704Jwyei8sxsGXmk,生パン,セラフィックチキン
https://youtu.be/pEKGDSA-6ls?si=jUKWR9W1SZwTSMFO,生パン,セラフィックチキン
https://youtu.be/6FZqPzYmbcw?si=MtzF22ZZwE8luxtT,Karl Zuñiga,Fortunate Kitten
https://youtu.be/C2bLUF4hZUo?si=yvR5raefah66FNMr,ホーセン,あの賑やかな市場は今どこに　～ Immemorial Marketeers
https://youtu.be/WFqTe5bwhIo?si=kyuUWoyFmmPWt_om,ホーセン,龍王殺しのプリンセス
https://youtu.be/ckUlnUEj73Q?si=QnNQhl4fsdCvqP8A,ホーセン,強欲な獣のメメント/有機体全てのメメント　～ Memory of Fossil Energy.
https://youtu.be/ryl9sqVpk8o?si=S3BhJ-YqNgDiugs9,ホーセン,アンロケイテッドヘル
https://youtu.be/SasMyMiVBvw?si=lVnw7kis4wEf6rqm,ホーセン,獣の知性
https://youtu.be/yTJi5xI1TrI?si=CeD6kLBZ9jYsUmaV,ZahranW,U.N.Owen Was Her? (Touhou EoSD) 8bit LSDj Remix
https://youtu.be/nBV6q1BeBPo?si=1177TO7OB6oLFc0A,ZahranW,Love Colored Master Spark (Touhou IN) Chiptune Remix
https://youtu.be/Lq6vxwL5eCU?si=5h6BQQ6vyCSqGDUr,ZahranW,Eternal Spring Dream (Touhou LoLK) Chiptune Remix
https://youtu.be/gJd-lFHg8Eg?si=uII5aaaOkYeP4Rtp,ZahranW,Greenwich in the Sky Chiptune Remix (Touhou MA/+TEK HRtFM)
https://youtu.be/coEnI9B-tCw?si=wsf0kK2kxub-9pKY,ZahranW,Extend Ash ~ Hourai Victim (Touhou 8: IN) Chiptune Remix
https://youtu.be/BQh2K1R9M7E?si=JPFCa0Ad7Ck5Ee1w,ZahranW,A Soul as Red as a Ground Cherry (Touhou 6: EoSD) Chiptune Remix
https://youtu.be/fuv7pFJEcl8?si=RUbHC591pArm-LVM,ZahranW,Faith is for the Transient People (Touhou MoF) Chiptune Remix
https://youtu.be/Ab6tjIK8bX0?si=ekiWKC7yutEmDXz5,ZahranW,Dragon King Slaying Princess (Touhou UM) Remix
https://youtu.be/C4faL2XzywQ?si=vdbTV8klAgQIvfmr,ZahranW,[8bit LSDj] The Rabbit Has Landed (Touhou LoLK) Remix
https://youtu.be/wWE6REu_GjQ?si=5MK_lEKbtAZy10Ji,ZahranW,The Great Fantastic Underground Railway System (Touhou UM) 8bit LSDj Remix
https://youtu.be/nyI5KhtWAtY?si=f6xsHKMkChjRdFf5,ZahranW,Deaf to All but the Song (Touhou IN) 8bit LSDj Remix
https://youtu.be/3DTtasd7bq4?si=suKfeggcsaQyyU1K,ZahranW,Dullahan Under the Willows (Touhou DDC) 8bit LSDj Remix
https://youtu.be/2gI9YaMZJ6c?si=QxTfmT_op4KPtv6s,ZahranW,Night Falls ~ Evening Star (Touhou IaMP) 8bit LSDj Remix
https://youtu.be/RgdPU5O_1RM?si=CuRRzHx5qyZWQsII,ZahranW,Flight of the Bamboo Cutter ~ Lunatic Princess (Touhou IN) 8bit LSDj Remix
https://youtu.be/zGsQqJFnYjM?si=an5JsjnYmxo7Nhcv,ZahranW,Shanghai Teahouse ~ Chinese Tea (Touhou CoSD/UNL) 8bit LSDj Remix
https://youtu.be/h_rGgz8ZYiw?si=CeRj5bZtkfbLk9yy,ZahranW,Because Princess Inada is Scolding Me (Touhou MoF) 8bit LSDj Remix
https://youtu.be/UDFNDeuvFQ8?si=LSVcCs-vwZuYeCg9,ZahranW,The World Is Made In An Adorable Way (Touhou UDoALG) 8bit LSDj Remix
https://youtu.be/UEpiASdLRYc?si=IrTxJ76zc6pw2sne,ZahranW,Pure Furies ~ Whereabouts of the Heart (Touhou LoLK) 8bit LSDj Remix
https://youtu.be/WgqkEawoqus?si=qBJbCQfKUt91ozRj,ZahranW,Native Faith (Touhou MoF) 8bit LSDj Remix
https://youtu.be/4fraKUU-rDQ?si=joUCtq4Jjf7BntOp,ZahranW,Lunar Clock ~ Luna Dial (Touhou EoSD) 8bit LSDj Remix
https://youtu.be/423obodL0s8?si=meU_57EyHO6Qnycn,ZahranW,The Path to Yomi Where None Turn Back (Touhou UDoALG) 8bit LSDj Remix
https://youtu.be/hJ_n40WfobU?si=p7P_Qakslwe93IN_,ZahranW,The Deviants' Unobstructed Light ~ Kingdom of Nothingness. (Touhou UDoALG) 8bit LSDj Remix
https://youtu.be/_sFZWSqdOjQ?si=wlPTWt90dJHyxPO2,ZahranW,Diao Ye Zong + The Fantastic Tales from Tōno (Touhou PCB) 8bit LSDj Remix
https://youtu.be/x5gyAB945y0?si=p4JnbOdR77-rRBen,ZahranW,Tomboyish Girl in Love (Touhou EoSD) 8bit LSDj Remix
https://youtu.be/9Ov4KE_M2Qc?si=TuPaQwiCESpLOyCG,ZahranW,Tonight Stars an Easygoing Egoist (Live ver.) ~ Egoistic Flowers (Touhou AoCF) 8bit LSDj Remix
https://youtu.be/vscIl7J3dJ8?si=uhJeZuo6uZVQmFyh,ZahranW,Eastern Judgement in the Sixtieth Year ~ Fate of 60 Years (Touhou PoFV) 8bit LSDj Remix
https://youtu.be/XMwutnWqhVo?si=G5rOoRrbNEB3hrXA,ZahranW,Heian Alien (UFO) 8bit LSDj Remix
https://youtu.be/waL5AzYCOio?si=HTIMoKkvL6wgk12N,ZahranW,Fall of Fall ~ Autumnal Waterfall (MoF) 8bit LSDj Remix
https://youtu.be/uWrdQJxpcxc?si=-jkYSKYFPHV2YWwF,ZahranW,Hartmann's Youkai Girl (SA) 8bit LSDj Remix
https://youtu.be/WmFmXcxTyP8?si=jByiWzK7ITBxbs-4,ZahranW,Strawberry Crisis!! (PoDD) 8bit 2xLSDj Remix
https://youtu.be/XN_88Zfy9T4?si=Z34CFEBSr_bGHueh,ZahranW,Dark Side of Fate (MoF) 8bit LSDj Remix
https://youtu.be/LlabyYvUTXA?si=NgjSQzwarBy6Y8tg,ZahranW,Septette for a Dead Princess (EoSD) 8bit LSDj Remix
https://youtu.be/hJTHnWFd-q0?si=yyClYISh6vTWSaRE,ZahranW,A World of Nightmares Never Seen Before (LoLK) 8bit LSDj Remix
https://youtu.be/9wb5fzRtnsw?si=XoxjbIg8N809zScQ,ZahranW,Infinite Being (Touhou MS) 8bit Remix
https://youtu.be/69hCJe4Kvbw?si=2NGgxjWNuCRBJl4j,ZahranW,Everlasting Red Spider Lily (Touhou WBaWC) 8bit Remix
https://youtu.be/cGojmXNiDVY?si=BQRztLLl-D4lZoaC,ZahranW,A Brave and Leisurely Beast (Touhou UDoALG) 8bit Remix
https://youtu.be/K5sGs-8fbR4?si=SJZ3dPXLC4iL0jWk,ZahranW,Might as Well Stake Your Life to Solve the Riddle (FW) 8bit LSDj Remix
https://youtu.be/2i04DYFrc5k?si=qi0Cn1scyCICrhJd,ZahranW,The Ground's Color is Yellow / Primrose (SWR/AoCF) 8bit LSDj Remix
https://youtu.be/CywCwDHAbXU?si=Qw6nlIIpUQp09T48,ZahranW,Because I'm Used to Being the Last One Left ~ Stone Goddess (FW) 8bit LSDj Remix
https://youtu.be/U8JfcfVNCeg?si=zwc66guYOFS3SFtb,ZahranW,Crimson Belvedere ~ Eastern Dream... (Touhou EoSD) 8bit Remix
https://youtu.be/odX90lzjgoo?si=9t4mXu5yvZbtdbr0,Asomosphere,Lamento
https://youtu.be/6-gOIhB4nMw?si=TGTGkOxwtAk1GCQY,Asomosphere,Goodbye My Memories
https://youtu.be/utPae8f5ZKw?si=P1nI6ZZeLrWE53QE,Asomosphere,Beyond the Millennium
https://youtu.be/qG9vhHhDmfw?si=6zYPGuNRsCLPhUbs,Asomosphere,NOT SAFE FOR WORLD
https://youtu.be/N2kkS0Pe5og?si=eIWVev_gHwDjTNcX,Asomosphere,TEXTR
https://youtu.be/MiYYzsZfgr4?si=PfDcAtXw6LA9GPU1,Asomosphere,Ethereality
https://youtu.be/1WGXf_ZO9jc?si=xWhJpwCF87A-RwTe,Asomosphere,Eternal Garden
https://youtu.be/HUXiWkE_tyc?si=nOda9iiOx9MKCcnV,Asomosphere,Void Out
https://youtu.be/QOSHBowjlzg?si=viJ8lY_kTaUXsGHA,Asomosphere,Awen
https://youtu.be/gJDxWT_T538?si=mW8qsosuZNYjHGWh,Asomosphere,Dsruptiv
https://youtu.be/LC8EsqyGLos?si=AWA4Wr3CIMRFojHM,Asomosphere,CHOKER HUNKER
https://youtu.be/hYjH3KcLJE4?si=dFcaRhs4ws-Gor0N,Asomosphere,Cruciv
https://youtu.be/7YZmnWlEheQ?si=eNQn-85vLyQ_q8K3,Asomosphere,HACK!!! SLASH!!!!!! DESTROY!!!!!!!!!
https://youtu.be/75ShM1C78o0?si=clNa6JLzmVwgZXGo,Asomosphere,Minecrypha -Into the Abyss-
https://youtu.be/D7LoUptZlTo?si=8MQbC5MchF5oyq0z,Asomosphere,Balletto dei Bulletfilia -La Danza del Mercato-
https://youtu.be/uJ5pMlBtHlE?si=TaRTzV5vRJnvaIMU,Asomosphere,The 200th Jet-Black Market
https://youtu.be/3mLKNztDTZU?si=cCqNxAlf0_2-Ew10,Blatancy Productions,Where is that Bustling Marketplace
https://youtu.be/zo2FA5Cwrso?si=8I-4je0qgh_fzC2D,DVMUSIC,용왕을 죽이는 프린세스
https://youtu.be/nP-c1dME1ms?si=sT1autejLbGVuif4,DVMUSIC,쇄월 (DVMUSIC REMIX)
https://youtu.be/gjahOHMl69c?si=e9l_ymCHr8jk8jSr,DVMUSIC,환상의 지하 거대 선로망
https://youtu.be/v-sL41p8XP4?si=D-onbFbKCOORXqcn,DVMUSIC,죽취비상 ~ Lunatic Princess (Future House REMIX)
https://youtu.be/vswJ3TK6eyc?si=Q5gYrsLYPwJ3OnIt,DVMUSIC,암시장은 장소를 가리지 않는다
https://youtu.be/8HRqMDfd7nw?si=cwgzC6MRDAJbEuH8,DVMUSIC,그 활기찬 시장은 지금 어디에 ~ Immemorial Marketeers (Rock COVER)
https://youtu.be/gw2TDv9bKbg?si=PupCAjkh1p5MY0eG,DVMUSIC,풍신소녀 (DVMUSIC REMIX)｜Electro Swing
https://youtu.be/or2P2WDcVJ0?si=BNIDgiIj7hmoDj16,DVMUSIC,환상의 화이트 트래블러 (Rock COVER)
https://youtu.be/ZIdLtF2f6u4?si=EhJomSb04bmp919A,DVMUSIC,동방홍룡동 - 스모킹 드래곤 (Rock COVER)
https://youtu.be/WyuV_vCqFX8?si=Zx06zKh9KOUGehA1,Zing,Entrusting This Word To Idols ~ Idolatrize World
https://youtu.be/xT_VyMS9t-A?si=Zx3d3ypzHJxIP9m4,Zing,U.N Owen was Her ~ EOSDM
https://youtu.be/gxIqLnkqwgI?si=J94txTU7EW1k2d9K,Zing,Lunatic Eyes ~ Invisible Full Moon
https://youtu.be/YhCrp-90BPI?si=Y3WmFVo0Q6QHT0Xp,Zing,Yokai Hook On ~ 100th Black Market
https://youtu.be/kAw9yC2QPWc?si=w9iLSc_XUl5T-hgn,Zing,Concealed Four Seasons ~ Hidden Star in Four Seasons
https://youtu.be/ZSZI3aq5efs?si=mxyplbzk_ukTo6vl,Zing,Pure Furies ~ Whereabouts of the Heart
https://youtu.be/8j3ERgz4B04?si=9J4EwqvtjzvaKlNt,Zing,Futasuiwa from Sado and Gensokyo ~ Ten Desires
Futasuiwa from Sado and Gensokyo ~ Ten Desires,Zing,Smoking Dragon
https://youtu.be/G7HV3gRQA10?si=bTVr6IRDSMQ3NSQI,マホトア豆腐店,MONKEY DINER
https://youtu.be/n2qvN5PaIp4?si=tB1ZA64ZBV9ajTpX,マホトア豆腐店,-VOLUPTÉ-
https://youtu.be/4Z9b4E9RXi8?si=kVJFbo9PNlmfGPP6,アベニュールーム,喧騒たる冥き途
https://youtu.be/zcPC3g6Rz9A?si=0Mhy5GKH2gxfIfpv,アベニュールーム,龍星乱舞
https://youtu.be/ioFl32eZFcA?si=IlJzQXX4DJ-Vu4y0,アベニュールーム,山紫萃明
https://youtu.be/ZpZ9kgtKyd8?si=k300yBY3aB9II3ha,アベニュールーム,狂乱円舞曲
https://youtu.be/ioFl32eZFcA?si=CpaEvV7UFOo9mlFI,アベニュールーム,khor
https://youtu.be/0mbgm-FDNYM?si=V4gRFnlK1JmbQBAA,アベニュールーム,Chasing rainbows
https://youtu.be/msetlWrLeXw?si=LlM0em-dBU9RdUg8,アベニュールーム,形名山童
https://youtu.be/k-uaTGXUsJQ?si=dBFS6oNng8mUHdyG,アベニュールーム,篝火狐鳴
https://youtu.be/JmVbJ0ISQHE?si=hxg0zgupuWVimsu0,アベニュールーム,狐囁風生
https://youtu.be/_smnGF7MDJw?si=3je6Uodpv5ybSmkJ,アベニュールーム,春容壮麗
https://youtu.be/49D8pLJ_RDk?si=5pIA-KGhPdINO4KI,Nocti,underground BEATDOWN
https://youtu.be/_YnwnxSE2UA?si=CMkXz198JljBKSzv,ぱらどっと,Ultimate taste
https://youtu.be/BRfMDUgPDow?si=GJkOZrF9LNRN4iPN,ぱらどっと,Hyper banquet
https://youtu.be/Qju7jPjXPNE?si=VTNFz7Rxze44V0YC,ぱらどっと,ナイト・オブ・ナイツ
https://youtu.be/3g-gzibOR-A?si=uY5g-Ppf6vp0mUsj,ぱらどっと,ΔRTIFACTS
https://youtu.be/xa-SOoiTiCs?si=n8GjDavSdI8Z2-DA,ぱらどっと,Peerless taste
https://youtu.be/9iy_TSF-lkU?si=yDmc2IBrLahkogzV,ぱらどっと,Infinite haze
https://youtu.be/mYqFHZdbawE?si=IfIbqSbfvb_1R3kq,ぱらどっと,FULLBURST
https://youtu.be/AmwAv0VpG1M?si=pvoLAFAz6xTW-2bM,ぱらどっと,Myriad texture
https://youtu.be/qoIy7DkOhdQ?si=MW71GOAxHxWokfop,ぱらどっと,ばんきちゃんは力を開放したくて仕方がない
https://youtu.be/7ZE5t8_SKdA?si=sJe4rziAQ_o-GfBS,ぱらどっと,PURE
https://youtu.be/V-it8y0uwpQ?si=ZfKPka3SnLTNPIob,ぱらどっと,Super Rabbit
https://youtu.be/YZGgJuB5cE8?si=-DwlgI0KTQgqejtZ,ぱらどっと,ばんきちゃんは調子に乗りたくて仕方がない
https://youtu.be/DuVj6_-lCCE?si=0nsd1X-z4J-ovI2d,ぱらどっと,NightAttack
https://youtu.be/6hzP3w5liyA?si=6h91dbgPrhqc44qg,ぱらどっと,Deception
https://youtu.be/gPnHVRQnhlA?si=P7WP4-46sS38eDIT,ぱらどっと,Drunk Girl
https://youtu.be/MByMCC57E3g?si=YJVkoaoSGNwxuK4x,ぱらどっと,OIIA CHEN HOUSE
https://youtu.be/GqpE8ESstPM?si=Jpgc7iUf-uCfU_5W,ぱらどっと,Droplet
https://youtu.be/RloD6MdrUVU?si=SjwNBQPjII77U522,ぱらどっと,Petaverse
https://youtu.be/9Zbyh_GUIHE?si=QuCK7IeBhhJhcji3,ぱらどっと,Inorganic space
https://youtu.be/wQep0bCdm2s?si=d4pJJkIoUJ2as3Lj,ぱらどっと,visions
https://youtu.be/oOX1_fEZ5Xs?si=fRIvR5FnzOKGRH2_,ぱらどっと,Last Day
https://youtu.be/TU1-eQjjTIU?si=VPqpy0bsmi_MEAlA,ぱらどっと,Kage-Tech
https://youtu.be/d0Lk7ma_G9c?si=ebmb-YhTjwkENJhO,ぱらどっと,GOCHA GOCHA Ensemble
https://youtu.be/pujjzObtbd0?si=ir12FG4n2WfcmzkC,ぱらどっと,EV∃
https://youtu.be/iPGqV0XNvfg?si=xfDAfohRIcNxZhKU,ぱらどっと,reflexion
https://youtu.be/gL7FIeqhiAE?si=Egc-_Wjwsqtc2jqX,ぱらどっと,appletea
https://youtu.be/XHQnQ_ltF2E?si=oL78opmFX0rEB9yd,ぱらどっと,Azure Fragments
https://youtu.be/KEZEDyoU_Ko?si=p9KmP7h4oH0_91se,ぱらどっと,QUADBURST
https://youtu.be/-On5N-dV1GQ?si=xCrjxsgqrrSsCfL5,ぱらどっと,nostalgic
https://youtu.be/Iup9GWybpJc?si=xaMMekYxee_Uw55k,ぱらどっと,nazokake
https://youtu.be/O3lWNKxTkCo?si=u2qkyLVcFq_vgbqC,ぱらどっと,Ruler of Black Market
https://youtu.be/nq5fisBgK0o?si=PgKflQDgB2RrpLI7,ぱらどっと,フランちゃんが時速200kmくらいで飛んでる時に流れてる曲
https://youtu.be/Dv4K7TvxYLI?si=3lPkVSzuy83mkdxA,ぱらどっと,GREEN
https://youtu.be/4Oyp7xFP_ho?si=SxwkdL9fQFoUbvtj,こな,Smoking Dragon (quintetto arr.)
https://youtu.be/zDKhmIBioiQ?si=401HbtgnfhkEqYIE,こな,Evergreens?
https://youtu.be/CXGReiarlHA?si=KA8rKzKTz5Kfn-f5,こな,阿礼の子供 (piano arr.)
https://youtu.be/HbAMMeEjma0?si=TodIAE25tcuXj8TQ,みどけ～き,デザイアドライブ
https://youtu.be/30i5fGqq7ZU?si=R-K2yUDKRHIQKLY6,みどけ～き,ハルトマンの妖怪少女(ver.2)
https://youtu.be/ZzJ1I43EZ1Y?si=uw3x5DbV_sxkfLbc,みどけ～き,U.N.オーエンは彼女なのか？(ver.2)
https://youtu.be/yTytJDhd7fs?si=mfEkCxxGhYqqUZlm,みどけ～き,月時計　～ ルナ・ダイアル(ver.2)
https://youtu.be/CfqnA8Kxh2k?si=gOFil5kBxVCv58Cs,みどけ～き,逸脱者達の無礙光 ～ Kingdam of Nothingness.
https://youtu.be/xTvArHaHWyg?si=tq0pS-QNieLVW5zi,みどけ～き,ネクロファンタジア(ver.2)
https://youtu.be/0m33CH8xlYU?si=e9ym5ougW_WazXHy,みどけ～き,幽霊楽団　～ Phantom Ensemble
https://youtu.be/7Ouiy9ZDDC8?si=rtifT0Il56gdnUZl,みどけ～き,あの賑やかな市場は今どこに　～ Immemorial Marketeers
https://youtu.be/t_yBPR6Oo1k?si=6tOG0_-_ghB70quE,みどけ～き,偶像に世界を委ねて　～ Idoratrize World
https://youtu.be/3GJpiHCiSkc?si=tssoMvPmJQec2dyR,みどけ～き,世界は可愛く出来ている
https://youtu.be/aOUmhjj4aWA?si=FFNDr_vm2YxuBETy,みどけ～き,ラストリモート
https://youtu.be/HYFW3nwXHVE?si=f8HPQQPm7Y2INuQj,みどけ～き,砕月
https://youtu.be/ok3bKn-hg_g?si=6je2d1kODGhyOZhF,みどけ～き,どうせなら命を賭けて謎を解け
https://youtu.be/ofmx_1eVYek?si=btxJ7scaprx-R4kc,みどけ～き,ジェリーストーン
https://youtu.be/unRYzgqybBI?si=hmcIuhAzAb_VssuZ,みどけ～き,最後の一人は慣れてるから ～ Stone Goddess
https://youtu.be/3bG3f55DUWY?si=V5m9ND9UaHEOEb8o,みどけ～き,月まで届け、不死の煙
https://youtu.be/Z-j9dFAGIns?si=bWj7DiGuhyhgaSNp,みどけ～き,龍王殺しのプリンセス(ver.2)
https://youtu.be/DJ10byeQV58?si=wl-78ZMzil4BCM4v,みどけ～き,大吉キトゥン
https://youtu.be/npDp41J3AbA?si=KvZ9FylnVNzwf1Zs,こをり,大吉キトゥン
https://youtu.be/sXO-bKnr21w?si=wAphrlYwxHWGexWQ,rabbit762x54,BECAUSE MY HEART IS IGNEOUS
https://youtu.be/6zhNQ-kYGlw?si=T2jvKbiY0P4QKTjQ,Shibayan Records,FlipFlop
https://youtu.be/fxW2hFPku4Y?si=3rFNx2SI8jOAShyn,Alstromeria Records,Frozen Drop
https://youtu.be/lfTZsNyxEhk?si=eeReUlx7U8LBIgru,ESQUARIA,Incoming
https://youtu.be/FQfzoQcgoSk?si=2dAG7zOOUiaQc6Gd,ESQUARIA,Backdoor Breaker
https://youtu.be/Z2sQnwoEo_Y?si=L5vvqtAUY9cYEu1O,ESQUARIA,Intervention
https://youtu.be/Kke8OlRGjqA?si=FJkLixhRzEzmsvwT,ESQUARIA,Railway
https://youtu.be/ASJeZbsNAqE?si=uLteaWuFLVwuzYo8,ESQUARIA,Gate
https://youtu.be/sAIcgzbqpMI?si=wE_XuFFKnKw0JT2R,ESQUARIA,Phantom
https://youtu.be/TXDM5FlafVM?si=78MfzR3IwUkbWxYC,ESQUARIA,Moon Collider
https://youtu.be/SxweVw6EZ1k?si=70bXt9Sbcw68nIbd,SPACELECTRO,Divine 1969
https://youtu.be/MAly0Ln6ZaM?si=IuLRgJf3mSinjW4s,SPACELECTRO,Gardian
https://youtu.be/cmEOiD1MdE0?si=MWMWaG_xisNbez9b,Amateras Records,Dragon Eater
https://youtu.be/YD99D5jrLF8?si=yFKVag48Qqa0XIvh,Amateras Records,Dead or Alive
https://youtu.be/UjNG2aITkfA?si=cYcWw8MA8ybr6qMn,Amateras Records,A Rainbow Spinnin' Gensokyo
https://youtu.be/e-GDZ_siOOY?si=BrDLHcyzR775t_mV,Amateras Records,Branch Mining Dragon Gems
https://youtu.be/09QkbzrFOS0?si=j3odrh9QAv2LQohF,K06,The Abandoned Industrial Remains (Jazz Remix)
https://youtu.be/FTy-IKW7-cI?si=1wSxvUtML_gyUY98,Kuroneko Lounge,Bunkacho DS 〜 無間の鐘
https://youtu.be/TiLB-apFi1Q?si=PAjUgvJLVin5VkTd,Kuroneko Lounge,Toukaidou set 01 〜 ヒロシゲ36号
https://youtu.be/sULChEfKwVs?si=E71r0Xn2JwlhO7BQ,Kuroneko Lounge,Toukaidou set 02 〜 53ミニッツの青い海
https://youtu.be/-OBBwtyro4o?si=5Mhb_S7gGtDrJ5tb,Kuroneko Lounge,Toukaidou set 04 〜 最も澄みわたる空と海
https://youtu.be/lBLZtlvurQM?si=gtVLm3nf2x2GnihM,Kuroneko Lounge,Astronomy set 01 〜 月面ツアーへようこそ
https://youtu.be/LrmDWurEDGA?si=kHLV9QOpgvNbAIbd,Kuroneko Lounge,Astronomy set 02 〜 天空のグリニッジ
https://youtu.be/Jomy9qx5XSU?si=dS6sByTJD8CzDlmM,Kuroneko Lounge,Astronomy set 03 〜 車椅子の未来宇宙
https://youtu.be/8mGwxeJOrHs?si=_eQpFjHz9kC7MK8w,Kuroneko Lounge,Astronomy set 04 〜 衛星カフェテラス
https://youtu.be/ejthZVleRWM?si=IwZOoDRzsl3qopT_,Kuroneko Lounge,Astronomy set 05 〜 G-Free
https://youtu.be/mIHN9oAPIUw?si=oD-OwN1oekxwMffn,Kuroneko Lounge,Astronomy set 06 〜 大空魔術
https://youtu.be/ZRkyDK0_Mvs?si=RtUpvZ354vdy7aVY,Kuroneko Lounge,Astronomy set 07 〜 向こう側の月
https://youtu.be/Mq2_68zn6uk?si=nOspKVk3OyNOi_1g,Kuroneko Lounge,Trojan set 01 〜 衛星トリフネ
https://youtu.be/u2nuv5gYM9w?si=MG6tOy6yUOV68HZa,Kuroneko Lounge,Trojan set 02 〜 トロヤ群の密林
https://youtu.be/vlPpvQtYLcA?si=ChtgRYZ1U1wJw3Bm,Kuroneko Lounge,Izanagi set 01 〜 緑のサナトリウム
https://youtu.be/vx1Pk06e66E?si=0x0S4QP4wMWlgjWZ,Kuroneko Lounge,Izanagi set 02 〜 牛に引かれて善光寺参り
https://youtu.be/KMCLvycWMiY?si=p62oHSxiZFKAoJNX,Kuroneko Lounge,Freak Report 01 〜 他愛も無い二人の博物誌
https://youtu.be/j7OlODyziAE?si=yUSwH88yEoN9z_dV,Kuroneko Lounge,Freak Report 02 〜 Dr.レイテンシーの眠れなくなる瞳
https://youtu.be/VbzpWlGdqJ4?si=t9Cc0culshQ-qCAw,Kuroneko Lounge,Freak Report 03 〜 須臾はプランクを超えて
https://youtu.be/xIHVQfa-kmI?si=Ru6Y0-Yd1nwyPlnV,Kuroneko Lounge,Freak Report 04 〜 シュレディンガーの化猫
https://youtu.be/UoxhI33JT5s?si=ANPYTRHJuoe_Sf-L,Kuroneko Lounge,Freak Report 05 〜 禁忌の膜壁
https://youtu.be/J0-3npB5h2s?si=xwAYuQpLebsD6KXv,Kuroneko Lounge,Dateless 01 〜 バー・オールドアダム
https://youtu.be/adaca-VbvrA?si=mWn_tN4UQ48eEFbl,Kuroneko Lounge,Dateless 02 〜 燕石博物誌が連れてきた闇
https://youtu.be/EQLnVGRKInY?si=uA24cEj9BleGcJa3,Kuroneko Lounge,Moriya set 05 ReEdit 〜 神々が恋した幻想郷
https://youtu.be/jCDFBzl-ykc?si=5qYd3jKvFgnWG5ht,Kuroneko Lounge,Daishibyo Bass 01 〜 死霊の夜桜
https://youtu.be/FTWAIP7ULmQ?si=zUGQDGyjfh__vKMp,Kuroneko Lounge,幽霊楽団 PG-mix
https://youtu.be/hjO588V76ks?si=2DoV8FnP3WTb8Lqs,Kuroneko Lounge,Kishinjou set 14 ～ 始原のビート
https://youtu.be/jrO-jzFBEvI?si=0K45rQnZFaa1mIM_,Kuroneko Lounge,House Set of Embodiment of the Scarlet Devil: 05-Shanghai Teahouse~Chinese Tea
https://youtu.be/Nj9r4-Fk0dg?si=13LETboficf35d6O,Kuroneko Lounge,House Set of Embodiment of the Scarlet Devil: 06-Shanghai Alice of Meiji 17
https://youtu.be/VAA_RjrTSTU?si=G9GqCa2-_Z8O_N5c,Kuroneko Lounge,House Set of Embodiment of the Scarlet Devil: 10a-Lunar Clock 〜 Luna Dial
https://youtu.be/sGaNskJ9Zzs?si=fMU9xL_MkAaSCdls,Kuroneko Lounge,House Set of Embodiment of the Scarlet Devil: 10b-Flowering Night
https://youtu.be/y5jP5ud3EyM?si=VvT6SVeXRgc4XnJy,Kuroneko Lounge,House Set of Embodiment of the Scarlet Devil: 12-Seppette for a Dead Princess
https://youtu.be/LfJTqoabOi8?si=BJFaL4uu1v7mEpP4,Kuroneko Lounge,House Set of Embodiment of the Scarlet Devil: 13-The Centennial Festival for Magical Girls
https://youtu.be/3kslIYW-uNM?si=oqTS6gSw-OXF5y5z,Kuroneko Lounge,House Set of Embodiment of the Scarlet Devil: 14-U.N. Owen Was Her?
https://youtu.be/2e6pjI3yN20?si=KW-2XevuAn1yTxDk,Kuroneko Lounge,House Set of Embodiment of the Scarlet Devil: 16-Scarlet Belvere ~ Eastern Dream...
https://youtu.be/w_9jTgEC86M?si=VGy7mTPnJJiTpxf2,Kuroneko Lounge,House Set of Perfect Cherry Blossom: 08 Phantom Ensemble
https://youtu.be/GHv_tsWBTJU?si=I5qpeC79LQ0Lq6Wm,Kuroneko Lounge,House Set of Perfect Cherry Blossom: 09 Mystic Oriental Dream ~ Ancient Temple
https://youtu.be/HqpyRI4dCZ8?si=_e-5TrCr8GTm4e8H,Kuroneko Lounge,House Set of Perfect Cherry Blossom: 10 Hiroari Shoots a Strange Bird ~ Till When?
https://youtu.be/Fn7K4mKBCxU?si=sZ_7bJE8XCIc9opd,Kuroneko Lounge,House Set of Perfect Cherry Blossom: 11 Ultimate Truth
https://youtu.be/NnuyHdWm7o8?si=gkqZs6YRdN2dLRf7,Kuroneko Lounge,"House Set of Perfect Cherry Blossom: 12 Bloom Nobly, Cherry Blossoms of Sumizome ~ Border of Life"
https://youtu.be/95YQQrqkX3k?si=utiB2eZWHsSCYwzK,Kuroneko Lounge,House Set of Perfect Cherry Blossom: 12Another Border of Life
https://youtu.be/jC6IYo753vA?si=cBWGTyz0W5NuBReP,Kuroneko Lounge,House Set of Perfect Cherry Blossom: 14Another Night Falls ~ Evening Star
https://youtu.be/e7JTh_cn39o?si=sXOA6FAG46pcfJRp,Kuroneko Lounge,House Set of Perfect Cherry Blossom: 14B Necrofantasia
https://youtu.be/_PVLX87ZUhU?si=TQwNRbTTauN5v3dC,Kuroneko Lounge,"House Set of Perfect Cherry Blossom: 16 Sakura, Sakura ~ Japanize Dream..."
https://youtu.be/L24tSkp7wC4?si=56pfl-kpPdGNC3EM,Kuroneko Lounge,House Set of Perfect Cherry Blossom: Paradise Sound Artz Remix
https://youtu.be/DCz0JfbnwyU?si=cQHKPIHd5QaZzBXa,Kuroneko Lounge,House set of Imperishable Night - 02: Stirring the Autumn Moon ~ Mooned Insect
https://youtu.be/82JY7ZKPSxQ?si=xlR2bHweX4M4CqRq,Kuroneko Lounge,House Set of Imperishable Night - 06: Plain Asia
https://youtu.be/GXiPdF9m4N8?si=SQ3jbCHvLNniC186,Kuroneko Lounge,House Set of Imperishable Night - 08 A: Maiden's Capriccio ~ Dream Battle
https://youtu.be/N2dS43dyOxY?si=pP2atI_Q-NC0YR5v,Kuroneko Lounge,House Set of Imperishable Night - 08 B: Love-colored Master Spark
https://youtu.be/3SU2qnNwAzU?si=qpp7q3if2Vcd7jo8,Kuroneko Lounge,House Set of Imperishable Night - 9 A: Cinderella Cage ~ Kagome Kagome
https://youtu.be/_Vzp3bC8OI8?si=ZwQupE-5isufCnX0,Kuroneko Lounge,House Set of Imperishable Night - 9 B: White Flag of USA Shrine
https://youtu.be/3CQTbAg2C7w?si=gpRiYr-rgRgiRJET,Kuroneko Lounge,House Set of Imperishable Night - 11: Voyage 1969
https://youtu.be/o3LgiFPswzE?si=7AeguaYzVvaF-_4n,Kuroneko Lounge,House Set of Imperishable Night - 12 A: Gensokyo Millennium ~ History of the Full Moon
https://youtu.be/eCGPxYS_F9g?si=alj89Llo5i4ShloL,Kuroneko Lounge,House Set of Imperishable Night - 12 B: Flight of the Bamboo Cutter ~ Lunatic Princess
https://youtu.be/MuKSyQLlmsg?si=ezvtpkrbOuaukogl,Kuroneko Lounge,House Set of Imperishable Night - 12Another: Voyage 1970
https://youtu.be/em9lrS4SmQ8?si=5c5fnURHD9koiCVM,Kuroneko Lounge,House set of Imperishable Night - 14: Reach for the Moon ~ Immortal Smoke
https://youtu.be/tdz_BYuV88A?si=EVnjr_13dGSMjati,Kuroneko Lounge,House set of Imperishable Night - 14 Last Word: Reach for the Moon ~ Immortal Smoke
https://youtu.be/jMXmL8YJIiM?si=ah-9YpBBRAQfXdBB,Kuroneko Lounge,House Set of Imperishable Night - Plain Asia ~ NRTK Remix
https://youtu.be/HhzM4ROGnow?si=S24leKodowpCK_To,Kuroneko Lounge,House set of Imperishable Night - Voyage 1969 Jerico Mix
https://youtu.be/smbasHx43Kg?si=JbJRYIwgy9xkj8Nu,Kuroneko Lounge,House Set of Phantasmagoria of Flower View: Deaf to all but the Song Ginkiha Remix
https://youtu.be/QkuBVM6WNxA?si=mhkQ9My1fvMK6Wwr,Kuroneko Lounge,凍り付いた永遠の都(平茸 Remix)
https://youtu.be/fDlNfIPV2Nw?si=XeDKcIMnaB1O11d2,Kuroneko Lounge,Walking The Streets Of A Former Hell (Jerico Remix)
https://youtu.be/FNROH6ZQYYE?si=LgVM32HtQ7e9dpCJ,Jerico's Law,Into The Void
https://youtu.be/VnbI6akRW5M?si=XjJCUGJaX2-FyOs6,Jerico's Law,Greenwich in the space
https://youtu.be/bgSd1nYhrhI?si=OhHWR8jqiGFknZtm,Jerico's Law,UFOoooo Romance 
https://youtu.be/gUMSLjIgNTM?si=e63Pi2F3EUfNnJEg,Jerico's Law,Subterranean Spiral
https://youtu.be/n76UdUShlm4?si=IQUN3TE2g9NWOIn1,Jerico's Law,Rag Time Rainbow
https://youtu.be/xS9gOJFQuis?si=0x8QyEE_zfKwFh4M,Jerico's Law,Twisted Shangri-La
https://youtu.be/V8iNZ8gcLDQ?si=Hdc6uP7qGbSMKre8,Jerico's Law,Primitive Arrangement
https://youtu.be/1av0X516-FQ?si=vLb_ux75QgsM1oH9,Jerico's Law,Magic Presentation
https://youtu.be/gzGHLB14bLg?si=XZf4r0TowcIlNoPS,Jerico's Law,Fancy Loops
https://youtu.be/oU6VFfUVtsI?si=OEZ6F2b072nuAF4p,Jerico's Law,Stupid Lord
https://youtu.be/Gm9VVYbABvk?si=L6SXZ63mzu0lR_vq,Jerico's Law,Far Beyond The Sun
https://youtu.be/uYPsjsZz-0I?si=S3jcIa03Aee6mU_G,Jerico's Law,Dark Matter
https://youtu.be/JTYja8PsWmk?si=ReXp9m0Ekq7-HQtt,Jerico's Law,U Don't Gain Down
https://youtu.be/oVsPpu3Uyds?si=KW9KWu-uxbcPIfqZ,Jerico's Law,Central Utopia
https://youtu.be/aUhTIS7LPXw?si=l1GFMU4JAhG9d3o6,Jerico's Law,Killing D
https://youtu.be/Zs2QCCPkweQ?si=JTlW-lOR72yh4OZH,Jerico's Law,Free Fall Experience
https://youtu.be/KXlJ9rtecRA?si=KFjx8KYXrNIA-YC1,Jerico's Law,Hard Work Princess
https://youtu.be/94ycsGGqsO0?si=1gLio6m17OBWjphF,O-LIFE.JP,昼行性の眠る夜
https://youtu.be/_vNXpeBSwdA?si=ykMlGQUyiIWOqTyZ,O-LIFE.JP,砕月でメタルっぽい何か
https://youtu.be/Z9q_POLRqJs?si=Q_BFeSb41BlU91ad,O-LIFE.JP,ゆうかりんでメタルっぽくない何か
https://youtu.be/9Z31_0zOPrs?si=ZgY62hyuCC-BPMSP,O-LIFE.JP,マヨヒガ演舞
https://youtu.be/mGGXpLqbli0?si=vkO5DJATkK9Nfwcf,O-LIFE.JP,挂甲のアレジアンス・アーミー
https://youtu.be/u9Leketfipo?si=GvfZZokucljp79l5,O-LIFE.JP,幻想西遊記演戯
https://youtu.be/lg-be-wsycY?si=MnLrCOPa7Kn7MNMz,O-LIFE.JP,策謀は戦の華
https://youtu.be/Qv1q7HI4uxg?si=n67VMslKHOl6LsSc,O-LIFE.JP,霧雨魔理沙でメタルっぽい何か
https://youtu.be/u_Lk0fLSQqY?si=XbksRkniXI3vH9WI,O-LIFE.JP,狂気の瞳でメタルっぽい何か
https://youtu.be/sd1rMuYRI68?si=cNZ61nBusgRYiQcI,O-LIFE.JP,モンペガーディアン
https://youtu.be/3WMohKHNzuU?si=p-bQESgAGcYKOX9k,O-LIFE.JP,トラブル黒猫漫遊記
https://youtu.be/xWUj_8-LdRY?si=JvYZjfxe4QSsF5V0,O-LIFE.JP,有頂天変でメタルっぽい何か
https://youtu.be/ADnE95jnPbA?si=cXgj5-fdWShK2Qxm,O-LIFE.JP,どろどろどーん
https://youtu.be/4N28bhAcuEM?si=LTFMhEWqw1KmFoh-,O-LIFE.JP,天使の腕試し
https://youtu.be/Q7t12-i4djg?si=8zt2GYh9PYOPufDX,O-LIFE.JP,強者の貫禄坐像
https://youtu.be/nk_AyEmMuw8?si=yT65ioIZ38jLVQpj,O-LIFE.JP,挂甲のアレジアンス・アーミー
https://youtu.be/BYPLL1iGOUY?si=igrPfrAkeboEukTq,O-LIFE.JP,不可侵領域の顕現
https://youtu.be/AkU07utgQ4Y?si=HbjBqMQo9mt-2jwv,O-LIFE.JP,マルシェの声なき声
https://youtu.be/L4OCwgB_7q8?si=qDXjTtmty6MfXWc9,Frozen Starfall,Rainforest
https://youtu.be/UgkD_4tDh-I?si=mI6c8WXd58n5XwBy,Rolling Contact,4ever 5step
https://youtu.be/7O8Y8rGKYK8?si=3J1vpxLNjOdRSuv4,Rolling Contact,Magus Night
https://youtu.be/N4fxwOegIYg?si=hm_26x2loJtlLJO6,Rolling Contact,Seven Segments
https://youtu.be/DWJYCXKML4Y?si=4cD_1_3hzRoR9cKc,Rolling Contact,Smack Your Head
https://youtu.be/h62nTIT1lEE?si=F-krSHgJr5g0sYnP,Rolling Contact,Stake Everything
https://youtu.be/K1YGrMRGlgo?si=3SBwrTQy6joq3Qrk,Rolling Contact,Glitch Installation
https://youtu.be/zTrhjpIOZ2U?si=fEwjnd39Z6cYRJZi,Rolling Contact,Endless & Limitless
https://youtu.be/byXp0J4R1Fo?si=sRtkU0Zo9UeXY_B1,Rolling Contact,Whatcha Gonna Do? (2024 Remaster)
https://youtu.be/BaB0e3O08I4?si=ZU6Lt00GX7wjCM4e,Alter Synth,Blood Red Moon
https://youtu.be/rdxh-ufPMok?si=dKLkXyfMhi7SkY8L,Alter Synth,Fillail
https://youtu.be/CaNMfHaEWlQ?si=Lw8d-yo1tDAYtxWc,Alter Synth,Beast Mode
https://youtu.be/5GyqSiDLlVc?si=BNXme0qaEDaKs2Lf,彩音 〜xi-on〜,砕月
https://youtu.be/RHEiY0rOQ2k?si=_LZ9oRp7_PZ7L_7F,彩音 〜xi-on〜,幻想の結界
https://youtu.be/WbH_WxjoeoA?si=tc9j8-ye2cObxFd0,彩音 〜xi-on〜,月まで届け、不死の煙
https://youtu.be/_tIJD-4kx1I?si=_0KP3JQ2jIhe9Lgg,彩音 〜xi-on〜,竹取飛翔　～ Lunatic Princess
https://youtu.be/__uDVho6YfM?si=LpapzOcVCbVJ9r7w,彩音 〜xi-on〜,Scarlet Chain
https://youtu.be/Es2o7jdkNnE?si=_i-vcxDsjlgOdAs3,彩音 〜xi-on〜,駒草咲くパーペチュアルスノー
https://youtu.be/OvF-hCp7SeY?si=bmKuXVCrHxXRsmZJ,彩音 〜xi-on〜,あの賑やかな市場は今どこに　～ Immemorial Marketeers
https://youtu.be/pAByN6mAQlc?si=2t2Q65FRZ-eoO8sl,彩音 〜xi-on〜,星降る天魔の山
https://youtu.be/PxHG0ZMRBPA?si=DR03ggwwOij0_R6v,彩音 〜xi-on〜,大吉キトゥン
https://youtu.be/Y58bwx6rGNM?si=XwtrkjCGWfYexAgy,彩音 〜xi-on〜,待ちわびた逢魔が時
https://youtu.be/7HSF5ffbU_8?si=Xjm9xN27XMj0i_-d,彩音 〜xi-on〜,龍王殺しのプリンセス
https://youtu.be/r2r6lVMvZRI?si=_u-Ic7TSKKd3UEiB,彩音 〜xi-on〜,バンデットリィテクノロジー
https://youtu.be/sorfK643eMw?si=0vXKtefr9O_zbZcC,彩音 〜xi-on〜,旧地獄街道を行く -rebuild-
https://youtu.be/dEV9Zayd38U?si=d-63QY8zmubpI5DC,彩音 〜xi-on〜,霊知の太陽信仰　～ Nuclear Fusion -rebuild-
https://youtu.be/Xy_3VaMBxRE?si=b9wboV_h8JJ-4D6I,彩音 〜xi-on〜,ハルトマンの妖怪少女
https://youtu.be/iLxJaiRi0hg?si=MXQbf7VlBNH-qCMP,彩音 〜xi-on〜,上海紅茶館 〜 Chinese Tea
https://youtu.be/suoUm_Y8D14?si=UcUhMlAOk6RtfsLc,彩音 〜xi-on〜,亡き王女の為のセプテット
https://youtu.be/joEjgT2BXE4?si=4Jz98pNBMDRU593Q,彩音 〜xi-on〜,輝く針の小人族 ～ Little Princess
https://youtu.be/YcmPx39hlpw?si=WINmPPY0Udrm4ucX,彩音 〜xi-on〜,霊知の太陽信仰
https://youtu.be/aTN4zAagbG4?si=q3ac1KjwPq9CB7Qw,彩音 〜xi-on〜,フォールオブフォール ～ 秋めく滝
https://youtu.be/LS-yExslk1M?si=ERGOaA2ATpdfJop9,彩音 〜xi-on〜,星条旗のピエロ
https://youtu.be/sUPoqaL-vs4?si=I01hcwviVLWMytZi,彩音 〜xi-on〜,無間の鐘 ～ Infinite Nightmare
https://youtu.be/rKTD2YSQs2c?si=1PfosqBeXKNm4t0u,Xenoglossy,Ghost-Ship-Sea-Jack
https://youtu.be/5BrxhrkNLgw?si=mrlgORzgH8WKe0bq,Xenoglossy,激情サトリ・オーレ！
https://youtu.be/mnCjFr-5JLE?si=xb-WpMAYuOA1Hy1V,Xenoglossy,broken moon night
https://youtu.be/bNJ3Q47IB4I?si=0WNjV9c7BhvkYskY,Xenoglossy,Glitch Greenwich Ghost
https://youtu.be/Ln-9GNFZ63o?si=SEAoCXSshoUWfqd7,Xenoglossy,ぐり→んあいどもんすたぁ娘
https://youtu.be/Vte3wu6AIBA?si=-OGWIb6INbl10q_f,東京アクティブNEETs,Jizo knows‼︎!
https://youtu.be/Ky40NvlHsi0?si=0HKSdiJ-JVZQeWOJ,東京アクティブNEETs,Hell is where you make it
https://youtu.be/-j9xhK5qtDQ?si=BHFEpOhJJd90HAPE,東京アクティブNEETs,偶像に世界を委ねて ~ Idoratrize World
https://youtu.be/k4ej32a3Wy0?si=yws4pG4PMgofExh1,東京アクティブNEETs,Clownish Moon
https://youtu.be/IP0x75OkD48?si=bSa16RSuJZ6YzOFp,東京アクティブNEETs,Pure Furies
https://youtu.be/bq3G4wNfUgE?si=l1QCPJM3GDolVNbR,東京アクティブNEETs,Miracle Blue Sky
https://youtu.be/BE5nMCe96t8?si=m5prx_KqvI4_7oWc,東京アクティブNEETs,White Blizzard Out of Seasons
https://youtu.be/Qvd8zjLf_Wk?si=NA_TvdNQT8bq1lTs,東京アクティブNEETs,クレイジーバックダンサーズ
https://youtu.be/2lRiJ8Fl2O4?si=wTsIc9RXIs-1KdNZ,東京アクティブNEETs,さくらさくら
https://youtu.be/juu-SSciqWA?si=IkBx4kYAmTug5IlZ,東京アクティブNEETs,輝く針の小人族
https://youtu.be/7m9CdpUglrI?si=25Xfy7xruk-S-Xp5,東京アクティブNEETs,Apocalyptic Mine Blast
https://youtu.be/y9W1avWOle8?si=Es6naBWA-ooayYFj,東京アクティブNEETs,童祭 ~ Innocent Treasures Short ver.
https://youtu.be/0CMfUlC0jac?si=CZj7zElj3WkhWfi0,東京アクティブNEETs,Rainbow Chaser
https://youtu.be/-8At3fqoMDc?si=gsYd-aEVQHlhxzMS,東京アクティブNEETs,有頂天変 爆音ジャズver.
https://youtu.be/Rks-uPXpIkw?si=c_CmS99zD03MCUCl,東京アクティブNEETs,聖徳伝説 ~True Administrator
https://youtu.be/13kz0DyqT2Y?si=fenuMdGikXQa3wN3,東京アクティブNEETs,平成時代劇
https://youtu.be/uBZBaDXRK90?si=kvzwfYnQBl6O3z9a,東京アクティブNEETs,紅月ノ摩天楼
https://youtu.be/aiHpOqYREIM?si=rFU-j2IIeW4UY214,東京アクティブNEETs,ハルトマンの妖怪少女
https://youtu.be/pr1I2zHcg0I?si=_XCCR2U71FHTrSNI,東京アクティブNEETs,愉快な日本の神様
https://youtu.be/31w01j8NCcw?si=5ENGWWl9gT6kpihZ,東京アクティブNEETs,フラワリングナイト
https://youtu.be/OpdktoVDB9E?si=-ENir2s24UTdWOz2,東京アクティブNEETs,神々の疵痕
https://youtu.be/nFI1rrXGoBc?si=1v6jm97LW03whzPl,東京アクティブNEETs,六十年目の東方裁判
https://youtu.be/MZspPXLWAKg?si=t22a5wfVPaSAW1sN,東京アクティブNEETs,今昔幻想郷
https://youtu.be/5L-8eKKVXYU?si=n8hkqb0xOJ9IgYpL,東京アクティブNEETs,蓬莱人形
https://youtu.be/XPZCgXPQ34c?si=fSHEID4wzydxDokg,東京アクティブNEETs,恋色マスタースパーク
https://youtu.be/UJTZOHXVjiY?si=eCGekMUmO3DisHMI,東京アクティブNEETs,伝説の夢の国
https://youtu.be/O_C9T6Q0CbQ?si=9DSTZSnKDWFT2r7v,東京アクティブNEETs,白玉楼階段の幻闘
https://youtu.be/Q81bjDQAsT8?si=Nqs7uNVO3rUzyatm,東京アクティブNEETs,時間差カルテ
https://youtu.be/8ubeaRzj9MA?si=B0o_kkY3DnSpqea9,東京アクティブNEETs,灰静症ドゥオモに花束ォ
https://youtu.be/4a-2llplv2E?si=4xrE75DXWMDem3vO,東京アクティブNEETs,令・瞑コード零
https://youtu.be/qeW1ROcrFuQ?si=P3_Rj9PMK53LWQUE,東京アクティブNEETs,亡き王女の為のセプテット
https://youtu.be/oo9bdcv8HSc?si=t_D-d3cIONKYXVh2,東京アクティブNEETs,バイバイ、ツァラトゥストラ
https://youtu.be/c_vI1jyfMto?si=HxuuBRhv4koY80nR,東京アクティブNEETs,天狗的日常
https://youtu.be/z6MCioAR1lw?si=0oDG_E-3IjwOSdXe,東京アクティブNEETs,白銀の春
https://youtu.be/uqNPUCO0u14?si=rKmJQ9hQtD00Uvuw,東京アクティブNEETs,八百万の秋の神
https://youtu.be/Q82WpMJU8Kc?si=6jFJogIq0VzqF8S7,交響アクティブNEETs,東方萃夢想
https://youtu.be/LT58_jiSyko?si=o4b8RjlOJh-pWkFK,交響アクティブNEETs,オーケストラ生演奏による『東方妖々夢 ～ Ancient Temple』
https://youtu.be/WMwKaisxTXU?si=udrzGc8UrF46d_ng,交響アクティブNEETs,オーケストラ生演奏による『少女さとり』
https://youtu.be/L4TGmrOCRqU?si=Eak1NCpiqCfMtjCS,交響アクティブNEETs,オーケストラ生演奏による『U.N.オーエンは彼女なのか？』
https://youtu.be/WCUqr8TtkIQ?si=Dh3GNE_5hhvQGUpq,交響アクティブNEETs,オーケストラ生演奏による『偶像に世界を委ねて～Idoratrize World～』
https://youtu.be/JlgcxKkTg8U?si=RA_8Miye5fK0k0IA,交響アクティブNEETs,オーケストラ生演奏による『メイドと血の懐中時計 ~ルナ・ダイアル』
https://youtu.be/PkFxIoLF0YU?si=Tx-VM3dCBkeX8Su9,交響アクティブNEETs,オーケストラ生演奏による『月まで届け、不死の煙』
https://youtu.be/qbzs1jF7PzE?si=e5LlOp_NaUbn44Vh,交響アクティブNEETs,オーケストラ生演奏による『千年幻想郷 ～ History of the Moon』
https://youtu.be/e0JWY3sbHe4?si=AHITZyTceBsVaezJ,交響アクティブNEETs,オーケストラ生演奏による『六十年目の東方裁判』
https://youtu.be/913AYF9utHs?si=stu5BClI34XjsFyw,交響アクティブNEETs,『ヒロシゲ36号 ～ Neo Super-Express』
https://youtu.be/4x53MnWQvJ4?si=ONPx8fxNyfiHbAnt,交響アクティブNEETs,オーケストラ生演奏による『プレインエイジア ～ 懐かしき東方の血』
https://youtu.be/GL0Z4uJ8XnM?si=NQQ2lPXnrWGwFfT6,Dark PHOENiX,竹取飛翔　～ Lunatic Princess
https://youtu.be/CjNDjEkjyR8?si=jcq3WfHCh9iaFNJc,Dark PHOENiX,華のさかづき大江山
https://youtu.be/OHGiTUCpOZ0?si=pt00OmgbVJVPFrp4,Dark PHOENiX,少女綺想曲
https://youtu.be/5XQ-laroiBM?si=IE88QY_jw7EtHf0n,Dark PHOENiX,神々が恋した幻想郷
https://youtu.be/BSVqHVfaz8w?si=chtXNog1QnuYBwDE,Dark PHOENiX,蠢々秋月
https://youtu.be/cKEMQEvs_zg?si=JCVeTOp6zl92mKIh,Dark PHOENiX,幽霊客船の時空を越えた旅
https://youtu.be/e3OEy4W2Jqo?si=UlZXwO_VYSF21pPO,PHOENIX Project,September Pumpkin
https://youtu.be/wfHaQgVzMzo?si=QQ2a0Hz5NyuSu6hR,PHOENIX Project,月まで届け、不死の煙 - (Anti-)Gimmick
https://youtu.be/DapeoL_oVRk?si=l2UqRsxmH1Qe1b7Z,PHOENIX Project,U.N.オーエンは彼女なのか？ - Customize ver -Am
https://youtu.be/VfSIZexGCxI?si=cYrIy_n0Hf5_RD0h,maritumix,514
https://youtu.be/5iWAuDH-UoI?si=e8YjiYMs6paioBDh,maritumix,Flame of Nuclear
https://youtu.be/AoSUEMYzusc?si=V1M857S7Xx77InHV,maritumix,Idola Deus
https://youtu.be/YrXZP8-w6QY?si=dZNkHk9ubWa-8SAG,maritumix,Unlocated Hell
https://youtu.be/Ft4c-AEtlMo?si=3KVfjh8AT-pkN-aS,Someone 45356,immemorial marketeers
https://youtu.be/gmkRBh4sjr4?si=9BeSIS3PnTOnrpTX,Someone 45357,Kitten of Great Fortune
https://youtu.be/XcS6QDoq39k?si=FGQp2shiIGAkQa49,S.S.H. & Aether,旧地獄街道を行く
https://youtu.be/2ZG9vZPV5V8?si=jakDsKqRcWa6qadI,S.S.H. & Aether,少女秘封倶楽部
https://youtu.be/pRSVioFGAn0?si=jmJjUR6ZLurN0fPa,S.S.H. & Aether,耀く針の小人族　～ Little Princess
https://youtu.be/1IaESqCmW3Y?si=gwcpdgindVBc-GV5,ハウザー,あの賑やかな市場は今どこに〜 Immemorial Marketeers
https://youtu.be/AnBcEGvZoSk?si=PUHoNNnRUqyT0Jx7,ハウザー,星降る天魔の山
https://youtu.be/R-deq9SBrIY?si=InAIWZ6bTqIM_JW9,a-TTTempo,NON STOP
https://youtu.be/stHd1-Kqy_A?si=Yge0r2rPZUJ9R7Jk,a-TTTempo,Sky Girls
https://youtu.be/Ioy-Zznkv9I?si=vl4v6o8ZF9SDA6Dk,a-TTTempo,太陽銀河と反射世界
https://youtu.be/gRGZO1bwrD0?si=vXyXPPDn1jnPQw1x,akikiki,幻想曲抜萃より 東方萃夢想(Arrange)のピアノ版作ってみた
https://youtu.be/OyUJnV2R-5g?si=wYqltoknLus3Yhk5,Marasy,「ナイト・オブ・ナイツ」を弾き直してみたんですが...
https://youtu.be/1TGJVW34PgI?si=GZAA-oBUMepzcAlJ,Marasy,イティブフェイス
https://youtu.be/QXQwmUWWOPw?si=kCuAIL4Iugo6U51L,Marasy,U.N.オーエンは彼女なのか？
https://youtu.be/r94NZSIii5o?si=Nl2q_qt62OeDhmCa,Marasy,竹取飛翔　～ Lunatic Princess
https://youtu.be/WdizaiXqlN8?si=qLfq2zjaWlqS3chG,Marasy,砕月
https://youtu.be/4A4sF5_Bcys?si=_7Y4jmhsfogna9nV,Marasy,偶像に世界を委ねて　～ Idoratrize World
https://youtu.be/M4rpr8QSMmg?si=hqu4AHI6R3unY-x5,Marasy,佐渡の二ッ岩
https://youtu.be/i5gSVjsZB-E?si=eTR-0iFKkNT4l_7M,Marasy,始原のビート　～ Pristine Beat
https://youtu.be/Th_QG6fIdX4?si=DU1oiWvVUu6LNU2q,Marasy,聖徳太子のペガサス　～ Dark Pegasus
https://youtu.be/g-pI3aafSdA?si=8NQwzqM_aHk_jGZC,Marasy,月まで届け、不死の煙
https://youtu.be/LGewXjOlik0?si=Fman8a0ErEBqKOSA,Marasy,龍王殺しのプリンセス
https://youtu.be/iG7H13dIeN4?si=po-P_cdpZBU7t4U6,Marasy,恋色マスタースパーク
https://youtu.be/cetvZ_9YWrM?si=36z6TEI0EQLHpVbV,Marasy,上海紅茶館　～ Chinese Tea
https://youtu.be/8v0-mRZLAf0?si=xVOy2KtQMREVBILE,Marasy,無何有の郷 ～ Deep Mountain
https://youtu.be/C2hVGVhfTCA?si=HV0ibN2fS-omZYX6,Marasy,万年置き傘にご注意を
https://youtu.be/PM-w03OA6tE?si=LN7-VGcsLIJ_6wVh,Marasy,クレイジーバックダンサーズ
https://youtu.be/VU27U85b_KY?si=BRnbWwIthV3UXdje,Marasy,秘神マターラ　～ Hidden Star in All Seasons.
https://youtu.be/x22nWTc_GqI?si=n4cFHY_Rdo_knc0L,Marasy,アンノウンX　～ Unfound Adventure
https://youtu.be/XpEzLfKTC7Y?si=_1hmfpFOlGIRA6Oa,Marasy,フラワリングナイト
https://youtu.be/0Jl87rqqd5w?si=dnmL5RXfLUqmQ6y9,Marasy,Tomboyish Girl in Love
https://youtu.be/-3cC4-JULyI?si=Ekr18h6-mzm0_1eU,Marasy,おてんば恋娘
https://youtu.be/-3cC4-JULyI?si=4LNaxObAOpM4mfAp,Marasy,神々が恋した幻想郷
https://youtu.be/9b5aicq4U3E?si=Uy0OZH-FD37OVuuD,Marasy,亡き王女の為のセプテット
https://youtu.be/JpFnn1dDNsw?si=xdK1Gkf4NeXZ3LZ4,Marasy,デザイアドライブ
https://youtu.be/s4oAsUnI6oQ?si=tJQoAPrQJjd5UgDd,Marasy,10周年に「ネイティブフェイス」を弾きなおしてみた
https://youtu.be/ZZslQ5zabx4?si=wAaBBkARHRv1Yc_u,Marasy,ネイティブフェイス
https://youtu.be/AUDjqG83AJg?si=fRWuBdrtREpLsm1_,DDBY,もし、空が晴れるなら
https://youtu.be/TjG4MskgFkc?si=fVzJLFO6Eh_G3D_H,DDBY,風の都
https://youtu.be/kEoACwk-X1s?si=uv1b9IftDA4LA8HC,DDBY,Lotus
https://youtu.be/HnC5GTcGMqo?si=jLY_FobJcSeZoc27,DDBY,Below Between Beyond - Ludo -
https://youtu.be/aRVyFsDfdzw?si=7hBbVlEX_x58tU4d,DDBY,濡れた素肌に (In My Soaking Body)
https://youtu.be/nag1D1MeOPE?si=2sQjKw87xwMuYuYq,DDBY,Unknown your smile
https://youtu.be/6dLuJuOr7u8?si=0_9vvYGV2Dq3UeCv,DDBY,Blue Wings
https://youtu.be/07GQ6xLMvgg?si=aqYFFYGQmMP-EFPB,DDBY,Vintage Girl
https://youtu.be/7Q3c2vmXEyg?si=Ttjfb69ESu7kqt3J,DDBY,ラクトガール～少女密室
https://youtu.be/c6rKUnmlx9M?si=rJmCKOimxqMZwB5-,DDBY,佐藤ライア — heartfelt fancy -
https://youtu.be/Ej2AqIN-y9w?si=1uO_DQMBiqX9Kw86,DDBY,Okawa Tomoya — Brilliant Girls -
https://youtu.be/rS7vhTYK5i8?si=vYK4nHTV3gx31MIF,DDBY,tanigon — Naive Face -
https://youtu.be/QTgQzv_16Xc?si=AlzAYstZJzTOc9Hj,dBu music,魔女達の舞踏会　～ Magus
https://youtu.be/t0JdGy28P7s?si=8HQCWBR-naX6P15z,dBu music,Pandemonic Planet
https://youtu.be/zHEsu5Zi7rI?si=qq1e9tSs3M8AR6pJ,dBu music,Pierrot of the Star-Spangled Banner
https://youtu.be/8limErMBoB4?si=pkiqUV2BXkEMFZwV,dBu music,DESIRE DRIVERS
https://youtu.be/nTAp2PcxJQM?si=em-u2nIBc3w_klTs,dBu music,少女さとり　～ 3rd eye
https://youtu.be/pYxyjTucQqs?si=ZDuHSf9gpEJLSrq8,dBu music,Pure Furies ~ Whereabouts of the Heart
https://youtu.be/pOiAVXnnwVo?si=FI3gnM3Tnd4skCOm,dBu music,究極の真実 ～ the Ultimate Truth
https://youtu.be/cjomvZe4OBE?si=OLMXlNv1lDCGB2o8,dBu music,Eternal Spring Dream
https://youtu.be/0-yGP5bocTQ?si=jmqiHvyJbwInh82S,dBu music,The Concealed Four Seasons
https://youtu.be/8BGgIYx2cvk?si=c62SaafJoVhkN25G,dBu music,信仰風化曲　～ Native Faith
https://youtu.be/kSyjV0UHs4U?si=v4BKTSpa2X3ImDEk,dBu music,無限夜想曲 ～ Eternal Nocturne
https://youtu.be/Fi5lYDRMQxw?si=rOBE78yDSY571Pzt,dBu music,竹取飛翔 ～ the Lunatic Princess
https://youtu.be/L9YOt8vs7Ss?si=joRhLnZd1pWiQ13x,dBu music,華の逆月大江山
https://youtu.be/qh70gjkRJW8?si=YpVxhBOEoRpXKxP6,dBu music,Bamboo Forest Under the Fullmoon
https://youtu.be/Qzuf08M-ms8?si=IZYurT8X6uf4gWo_,dBu music,Into the Backdoor
https://youtu.be/nK2E6Pe0lAM?si=v-ugVNEHDADwj3ki,dBu music,Crazy Backup Dancers
https://youtu.be/_HQDH6c45Hs?si=4ivhHuXviX-DoQ9j,dBu music,the Dream of Lunatic
https://youtu.be/7qLqbGHa0S4?si=Fpp9Wzo_gKw_7lYK,Demetori,ネクロファンタジア ～ Remix
https://youtu.be/JI0jAW7s0YY?si=wUfzqNBsojn_Syr6,Demetori,World's End
https://youtu.be/EsMNqUVv3mQ?si=Iz8Djtx1IlDbcljG,Demetori,霊知の太陽信仰　～ Nuclear Fusion
https://youtu.be/hjwdyd9_zfM?si=RWrL1dxvN7VI4kUl,Demetori,"今宵は飄逸なエゴイスト ～ Ego,Schizoid,Beat."
https://youtu.be/mYa7zWcNF-U?si=u4sdw_-D0cfcVFd7,Demetori,優雅に咲かせ、墨染の桜 ～ The Harm of Coming into Existence
https://youtu.be/K0GkcT7ReKs?si=zuZqgGSxEcY7mDkG,Demetori,リバースイデオロギー ~ The Antinomy of Ideology
https://youtu.be/Mno829JaB6A?si=5z-gZZ73EqDTNBSD,FalKKonE,Wind God Girl
https://youtu.be/MLvSHB0Ij30?si=JJdgM5IG6_DaXKt5,FalKKonE,Heian Alien
https://youtu.be/wc9Zdf0HbaA?si=rzln-0WUOHmnozKj,FalKKonE,Shoutoku Legend ~ True Administrator
https://youtu.be/sQIk1JxVBR8?si=ZNpkUgjyKIqsdS_z,FalKKonE,Drunk as I Like
https://youtu.be/d1jsLLnl4Gs?si=DSnTuJOFgLR6TgNX,FalKKonE,Reverse Ideology
https://youtu.be/ZDDUChJIyUs?si=L_ViGrqIja_TboqK,FalKKonE,Re: Crazy Backup Dancers
https://youtu.be/CO0EB1ix8Ms?si=brX6mYea36jHbUXJ,FalKKonE,Broken Moon
https://youtu.be/D51rf9W5XN8?si=TNm3DVvSkBeWHx_O,FalKKonE,Suwa Foughten Field
https://youtu.be/SsoZOGVCzN8?si=12i2JVrwbJKM19Fu,FalKKonE,Emotional Skyscraper ~ Cosmic Mind
https://youtu.be/y6E71Ey4P8M?si=B60V1dqCQ4vwcHKF,FalKKonE,Last Occultism ~ Esotericist of the Present World
https://youtu.be/XtgE7GpZTpc?si=IJ9XlIw9A_cB3G2Y,FalKKonE,Unknown X ~ Unfound Adventure
https://youtu.be/ZZEoqj0m42U?si=lvxoya1oazqveOYV,FalKKonE,The Princess Who Slays Dragon Kings
https://youtu.be/UL806t4yMLA?si=baNe-nRLGVUwQDkX,FalKKonE,Entrust this World to Idols ~ Idolatrize World
